Наименование ДП,Итого,"Макс. ПДЗ за 2020 год, дней","Сред. ПДЗ за 2020 год, дней","Кол-во просрочек свыше 5-ти дней за 2020 год, шт.","Общая сумма ПДЗ свыше 5-ти дней за 2020 год, руб.","2019, Основные средства , RUB","2016, Заёмные средства (долгосрочные), RUB","2017, Заёмные средства (долгосрочные), RUB","2018, Заёмные средства (долгосрочные), RUB","2019, Заёмные средства (долгосрочные), RUB","2017, Долгосрочные обязательства, RUB","2018, Долгосрочные обязательства, RUB","2019, Долгосрочные обязательства, RUB","2018, Краткосрочные обязательства, RUB",Факт просрочки
0,10.0,10,6.4,4,2229696.445859872,3606102547.770701,0.0,0.0,0.0,0.0,258973248.4076433,271221019.1082802,276483439.4904459,5957030573.248407,True
1,20.0,4,4.0,0,0.0,172845859.8726115,0.0,0.0,0.0,0.0,4528025.477707006,5033757.961783439,5659235.668789809,129663694.2675159,True
2,40.0,6,5.333333333333333,2,3759242.03821656,1027507643.312102,0.0,0.0,0.0,0.0,11831210.1910828,2843949.044585987,0.0,227356687.8980892,True
3,10.0,8,6.2,3,7152926.770700637,16362338853.50318,4107721656.050955,2786053503.184713,5998324840.764331,7705152866.242038,3555463057.324841,6928275796.178344,8877770063.694267,4117201273.88535,True
4,20.0,1,1.0,0,0.0,30264612738.8535,62352467515.92356,95734443312.10191,90432717197.45222,95504385987.26114,97175324840.76431,92237910191.0828,98182435668.7898,18144133757.96178,True
5,40.0,21,17.66666666666667,5,4486078.904458598,39420564331.21019,4990870700.636943,4283736305.732484,4142978980.89172,2237329299.363057,6070075796.178344,6026959872.611465,4169849044.585987,10780865605.09554,True
6,40.0,0,0.0,0,0.0,12484871974.52229,45461484076.43312,48036178980.89172,59883778343.94904,40571640764.33121,48899433757.96178,60827592993.63057,41414824203.82166,6879279617.834394,False
7,40.0,18,6.882352941176471,7,2622550.140127389,27776433.1210191,0.0,0.0,0.0,0.0,2000636.942675159,1170063.694267516,737579.6178343949,37847770.70063694,True
8,20.0,6,2.411764705882353,1,202624.5605095541,513924840.7643312,0.0,0.0,181376433.1210191,204732484.0764331,0.0,188318471.3375796,216596815.2866242,119785350.3184713,True
9,40.0,211,103.3888888888889,16,26025310.15286624,27977070.06369426,4267515.923566879,44585987.26114649,0.0,0.0,46331210.1910828,1495541.401273885,2189171.974522293,148846496.8152866,True
10,140.0,54,17.84210526315789,144,77052008.55414009,83178399363.05733,114844026114.6497,69194505095.5414,88849105095.5414,124945420382.1656,75275508917.19745,95423433121.0191,132067687898.0892,40805775796.17834,True
11,40.0,3,1.666666666666667,0,0.0,90912738.85350318,41273885.35031847,28216560.50955414,15222929.93630573,4076433.121019108,30149681.52866242,17129936.30573248,5894267.515923566,226978980.8917197,True
12,20.0,12,3.083333333333333,5,1456732.656050955,49246496.81528662,41325477.70700637,51668789.8089172,26114649.68152866,114649044.5859872,52056050.95541401,26501910.82802548,115036305.7324841,250019108.2802548,True
13,10.0,5,2.230769230769231,0,0.0,212961783.4394904,0.0,0.0,0.0,0.0,0.0,0.0,0.0,6268584713.375796,True
14,10.0,0,0.0,0,0.0,162071337.5796178,0.0,31847133.75796178,86624203.82165605,71337579.61783439,31847133.75796178,86624203.82165605,71337579.61783439,582197452.2292993,False
15,20.0,22,11.1,8,2565653.917197452,392966242.0382165,445859872.611465,501988535.0318471,407107006.3694267,500707643.3121019,512550955.4140127,416980891.7197452,513833121.0191082,603021656.0509554,True
16,0.0,0,0.0,0,0.0,59908280.25477707,0.0,0.0,0.0,0.0,5902547.770700636,6626751.592356687,4692356.687898089,74565605.0955414,False
17,20.0,0,0.0,0,0.0,108076433.1210191,0.0,244904458.5987261,237668789.8089172,222838853.5031847,245892993.6305732,237826114.6496815,222892993.6305732,463372611.4649681,False
18,20.0,0,0.0,0,0.0,428924203.8216561,87574522.29299362,180912101.910828,198985350.3184713,199000636.9426752,181601273.8853503,199743312.1019108,425573885.3503184,120820382.1656051,False
19,10.0,0,0.0,0,0.0,186921656.0509554,0.0,0.0,0.0,0.0,19434394.9044586,11632484.07643312,12904458.59872611,161466878.9808917,False
20,10.0,8,2.296296296296296,3,435709.9235668789,69588535.03184713,0.0,0.0,0.0,0.0,464331.2101910828,410828.025477707,445222.9299363057,36363057.32484076,True
21,10.0,1,1.0,0,0.0,46058598.72611465,0.0,0.0,0.0,88594904.45859872,1897452.229299363,2033757.96178344,93203821.65605097,238252866.2420382,True
22,10.0,0,0.0,0,0.0,18442038.21656051,0.0,8331210.191082803,1910828.025477707,4757961.78343949,9008917.197452229,2603184.713375796,5476433.121019108,19592356.68789809,False
23,40.0,14,11.0,2,374934.1146496816,1482455414.012739,902004458.598726,756531847.133758,539292356.687898,56285987.26114649,1664096178.343949,1643989808.917198,1459581528.662421,13134838853.50318,True
24,20.0,1,1.0,0,0.0,514985350.3184713,0.0,0.0,0.0,0.0,49418471.33757962,58749681.52866242,66025477.70700637,905069426.7515924,True
25,0.0,1,1.0,0,0.0,15923998089.17197,52287850318.47134,47742923566.87898,29198203821.65605,15301485987.26115,48304843312.10191,29730873248.40764,15573978343.94904,6430150955.414013,True
26,0.0,0,0.0,0,0.0,8779617.834394904,0.0,0.0,0.0,0.0,0.0,0.0,0.0,24654777.07006369,False
27,60.0,0,0.0,0,0.0,1944550318.471338,99336305.73248409,7072044585.987261,9359010191.082802,9554215923.56688,61013635668.78981,47630438853.50318,13316130573.24841,32670143949.04458,False
28,10.0,363,92.77777777777776,16,11905180.96178344,105590338216.5605,60904296815.28662,50550113375.79617,53545859872.61147,67327288535.03185,57529963694.26752,60552229299.36305,74481664331.21019,93803184713.3758,True
29,40.0,7,3.181818181818182,2,3417934.286624204,5068259235.66879,0.0,0.0,0.0,0.0,670454140.1273885,540747133.7579618,769213375.7961783,1384940127.388535,True
30,140.0,12,9.0,3,859826.0191082801,109777485987.2611,6635971337.579618,36045082165.60509,32834063694.26752,22261891082.80255,39778434394.90446,37155240764.33121,27230198089.17197,34990158598.72611,True
31,0.0,13,9.666666666666666,3,3226880.891719745,3395414012.738853,0.0,0.0,1371974522.292994,1616645859.872611,100000000.0,1500636942.675159,1762168152.866242,222929936.3057325,True
32,10.0,17,4.125,3,4995108.910828025,110529936.3057325,125031847.133758,129490445.8598726,66242038.21656051,25477707.00636943,129490445.8598726,66242038.21656051,25477707.00636943,102275796.178344,True
33,10.0,30,9.625,3,536331.7898089172,79736942.67515923,0.0,0.0,0.0,0.0,3805095.541401274,4342038.216560509,4513375.796178344,29522929.93630573,True
34,20.0,17,17.0,1,2036519.541401274,713812738.8535031,364331210.1910828,122292993.6305732,805995541.4012738,39351592.3566879,177884076.433121,960260509.55414,246130573.2484076,864162420.3821656,True
35,20.0,0,0.0,0,0.0,164794267.5159236,0.0,0.0,10391719.74522293,0.0,2503821.656050955,12759235.66878981,2243949.044585987,269185350.3184713,False
36,0.0,0,0.0,0,0.0,168154777.0700637,0.0,0.0,0.0,0.0,3741401.27388535,4683439.49044586,6159872.611464968,239852866.2420382,False
37,30.0,2,1.7,0,0.0,648532484.0764331,4791339490.44586,1774678980.89172,0.0,2938853503.184713,1794775796.178344,8542038.216560509,3839707643.312102,10385077070.06369,True
38,30.0,5,4.666666666666667,0,0.0,732549044.5859872,261707643.3121019,395384713.3757961,455742038.2165605,610729299.3630573,589096815.2866242,701892356.687898,802043312.1019108,337350318.4713376,True
39,20.0,23,7.568181818181818,24,52352862.57961782,210656050.955414,0.0,0.0,0.0,0.0,0.0,0.0,0.0,752063694.2675159,True
40,20.0,3,1.4,0,0.0,25912101.91082802,0.0,0.0,0.0,0.0,0.0,0.0,0.0,89315923.56687897,True
41,90.0,0,0.0,0,0.0,615731847.133758,0.0,0.0,249331210.1910828,268789808.9171975,109541401.2738853,404966242.0382165,650186624.2038217,4884794267.515924,False
42,60.0,0,0.0,0,0.0,681286624.2038217,968381528.6624204,605095541.4012738,1676690445.859873,0.0,1189780254.77707,2144213375.796178,731019108.2802547,5664289171.974522,False
43,270.0,3,1.285714285714286,0,0.0,7257622929.936305,28212041401.27388,36275928662.42038,30246073248.40764,0.0,37951504458.59872,35876050955.41401,2031764331.210191,73312723566.87898,True
44,20.0,1,1.0,0,0.0,54534394.9044586,26448407.6433121,12287898.08917197,24466242.03821656,24196178.34394904,12287898.08917197,24466242.03821656,24196178.34394904,11755414.01273885,True
45,40.0,25,5.590909090909091,5,2021038.152866242,83367462420.38216,34854773885.35032,10007145222.92994,12179130573.24841,10782043949.04459,11190498726.11465,13387908280.25478,12440570063.69427,4152836305.732484,True
46,70.0,0,0.0,0,0.0,14810321656.05096,0.0,0.0,0.0,0.0,3181551592.356688,3633145222.929936,7207642675.159235,2463273885.350318,False
47,0.0,12,6.0,1,481414.0127388535,691885350.3184713,0.0,0.0,0.0,0.0,15025477.70700637,15266878.98089172,18253503.18471337,257099363.0573248,True
48,100.0,309,299.9090909090909,11,3702965.439490446,852494267.5159235,0.0,0.0,2385401910.828025,2433445222.929936,40570700.63694268,2781398089.171974,3068542038.21656,5847914012.738853,True
49,10.0,18,8.23404255319149,29,12958986.87898089,1478232484.076433,968485987.2611464,1464968152.866242,713375796.1783439,0.0,1788605095.541401,920266242.0382164,434215923.566879,5393377070.063694,True
50,20.0,0,0.0,0,0.0,153161146.4968153,25405732.48407644,89167515.92356688,123964968.1528662,46639490.44585987,103945222.9299363,137820382.1656051,61981528.66242038,171029299.3630573,False
51,10.0,42,24.0,3,2033315.541401274,8802056687.898088,0.0,52356050.95541401,0.0,3537579.617834395,340215286.6242038,401248407.6433121,299536305.732484,13151957324.84076,True
52,30.0,12,8.0,1,382340.9936305732,0.0,322592993.6305732,265605095.5414013,573248407.6433121,0.0,331686624.2038217,652022929.9363058,0.0,942568152.866242,True
53,50.0,0,0.0,0,0.0,1411301273.88535,2541822292.99363,6861596815.286624,8041848407.643311,4318382802.547771,11146857961.78344,10873599363.05732,10615998726.11465,7437226114.649681,False
54,140.0,165,53.83516483516483,87,201788436.1719746,2101450955.414013,0.0,0.0,1557905095.541401,533526114.6496815,24304089171.97452,20016920382.1656,20522205095.5414,22440700000.0,True
55,20.0,5,1.814814814814815,0,0.0,3705095.541401274,0.0,0.0,0.0,0.0,0.0,0.0,0.0,24678343.94904459,True
56,10.0,4,4.0,0,0.0,69447770.70063694,0.0,0.0,0.0,27650318.47133758,8091719.74522293,7397452.229299363,34654777.0700637,41585987.26114649,True
57,240.0,0,0.0,0,0.0,0.0,5451438853.503184,7061373248.407643,0.0,0.0,28175557324.84076,0.0,0.0,0.0,False
58,30.0,0,0.0,0,0.0,97452.22929936304,0.0,0.0,0.0,0.0,0.0,0.0,0.0,1036942.675159236,False
59,10.0,14,3.886178861788618,34,57049638.01273884,74985350.31847133,0.0,0.0,0.0,0.0,1210828.025477707,1187261.146496815,34596178.34394904,197831210.1910828,True
60,80.0,28,27.5,2,2163419.006369426,0.0,19348611464.96815,23894282165.60509,0.0,0.0,55870895541.40127,30421182165.60509,0.0,43890962420.38216,True
61,150.0,28,17.22222222222222,7,16429598.98089172,7850396178.343948,2889152229.299363,2734606369.426752,2721175159.235669,3221526114.649682,57382840764.33121,72370382802.54778,82673901273.88535,5660543312.101911,True
62,230.0,0,0.0,0,0.0,32451718471.33758,41441205095.5414,49709389808.9172,51685675159.23566,42198080891.71974,63328505095.5414,63803973248.40764,48277734394.90446,33984194904.4586,False
63,20.0,7,7.0,2,3529581.401273885,958427224840.7644,43588756050.95541,31875421019.10828,13092584076.43312,5220108917.197452,91277853503.18472,86916148407.64331,79561909554.14012,61884838853.50318,True
64,10.0,5,5.0,0,0.0,26157961.78343949,26201910.82802548,25364331.21019108,19852229.29936305,19852229.29936305,26359235.66878981,20859235.66878981,19858598.72611465,271774522.2929936,True
65,220.0,6,4.0,1,620850.9554140127,12559147770.70064,2532310828.025477,7003870700.636943,4304835031.847134,5469090445.859873,50005219745.22293,54297519745.22293,62765397452.22929,38110189808.9172,True
66,70.0,78,22.85714285714286,2,1413409.222929936,2842620382.165605,1600737579.617834,394719108.2802548,302129299.3630573,1865590445.859873,3996200000.0,7777691082.802547,10315212101.91083,7508454140.127388,True
67,20.0,0,0.0,0,0.0,16721170063.69427,196433121.0191083,0.0,0.0,0.0,216635228025.4777,248172191082.8025,301299969426.7516,36599000636.94267,False
68,10.0,73,68.0909090909091,22,12635071.33757962,1612022929.936306,559872611.4649681,318471337.5796178,348407643.3121019,0.0,326010191.0828025,749245222.9299363,594417197.4522293,5059392356.687898,True
69,30.0,0,0.0,0,0.0,0.0,122038216.5605096,122038216.5605096,121977707.0063694,0.0,122377070.0636943,122313375.7961783,335668.7898089172,346928025.477707,False
70,50.0,34,8.05586592178771,71,22258185.18471337,1146110828.025478,0.0,0.0,0.0,0.0,-3247770.700636942,-878343.9490445859,96043312.10191084,6750266242.038217,True
71,30.0,3,1.8,0,0.0,652509554.1401274,2395263694.267516,0.0,1719745222.929936,0.0,21994267.51592357,1749494904.458599,52356687.89808917,2317427388.535032,True
72,110.0,67,67.0,1,0.0318471337579617,117231210.1910828,191638216.5605096,190554777.0700637,178182165.6050955,134442038.2165605,190554777.0700637,178182165.6050955,134442038.2165605,539823566.8789809,True
73,10.0,6,5.5,1,0.0063694267515923,515923.5668789809,6075796.178343949,0.0,0.0,0.0,0.0,0.0,0.0,213120382.1656051,True
74,20.0,0,0.0,0,0.0,159258598.7261146,0.0,78375796.17834395,81870063.69426751,81938216.56050955,78375796.17834395,81870063.69426751,81938216.56050955,97460509.55414012,False
75,20.0,8,3.0,2,1129246.72611465,818569426.7515923,265019745.2229299,235445222.9299363,401273885.3503184,0.0,282414012.7388535,449545222.9299363,44854140.12738854,1005405095.541401,True
76,10.0,12,2.663366336633664,10,3879395.942675158,825256050.9554139,0.0,0.0,0.0,0.0,24393630.57324841,27517197.4522293,34464968.15286624,142538853.5031847,True
77,10.0,4,3.0,0,0.0,4410605732.484076,0.0,0.0,0.0,0.0,309531210.1910828,285495541.4012738,290913375.7961783,1399871337.579618,True
78,80.0,16,3.725,9,5073354.414012739,281377707.0063694,495640764.3312102,504981528.6624203,582662420.3821656,508456050.955414,510194267.5159236,589551592.3566879,515005732.4840765,1875627388.535032,True
79,40.0,0,0.0,0,0.0,2424663057.324841,0.0,0.0,0.0,0.0,149050318.4713376,127489171.9745223,105500000.0,1026801910.828026,False
80,20.0,0,0.0,0,0.0,479896815.2866242,483729936.3057325,466213375.7961784,436545222.9299363,514150318.4713376,475144585.9872611,446809554.1401274,523887898.089172,234925477.7070064,False
81,10.0,14,5.14406779661017,50,10057839.01273885,87657324.84076433,7368152.866242038,7368152.866242038,7368152.866242038,8960509.554140126,15765605.0955414,14286624.20382166,17498089.17197452,64026751.59235668,True
82,20.0,44,11.43055555555556,40,16487434.73248407,30518471.33757961,50955414.01273885,58643312.10191082,58005095.54140128,54025477.70700637,58643312.10191082,58005095.54140128,54025477.70700637,31792356.68789809,True
83,10.0,3,1.714285714285714,0,0.0,70361783.43949044,0.0,0.0,75740127.38853502,102394904.4585987,0.0,76656050.95541401,103806369.4267516,95419108.28025477,True
84,30.0,18,5.111111111111111,6,16237424.33757962,227585862420.3822,273531671974.5223,280012682802.5477,362811883439.4904,336050343312.1019,324104252229.2994,402121008917.1975,362363974522.293,117400424203.8217,True
85,20.0,0,0.0,0,0.0,154051592.3566879,234650318.4713376,153117197.4522293,157889171.9745223,23035031.84713376,153400000.0,158281528.6624204,23317834.39490446,224814012.7388535,False
86,70.0,12,4.463414634146342,14,4697174.414012738,8693630.573248407,0.0,0.0,0.0,0.0,0.0,0.0,0.0,8325477.707006369,True
87,20.0,0,0.0,0,0.0,3452866.242038216,75763694.26751593,67026751.59235668,68475796.17834395,1596815.286624204,99263057.32484075,92836942.67515925,3750955.414012739,710784713.3757962,False
88,10.0,0,0.0,0,0.0,9414731210.191082,0.0,0.0,0.0,0.0,1385933757.961783,728167515.9235668,1091622292.993631,1472168789.808917,False
89,10.0,27,4.636363636363637,2,2387003.52866242,22833121.01910828,0.0,0.0,0.0,12025477.70700637,190445.8598726114,224840.7643312102,12278343.94904458,1092924840.764331,True
90,20.0,6,1.755102040816326,2,1532141.197452229,743949.0445859872,95541401.27388534,147507006.3694268,95541401.27388534,0.0,147731847.1337579,95593630.5732484,31847.13375796178,463609554.1401274,True
91,20.0,203,73.0,2,0.0254777070063694,18052866.24203822,0.0,0.0,0.0,0.0,2020382.165605096,2551592.356687898,3001273.885350318,14558598.72611465,True
92,20.0,5,1.863636363636364,0,0.0,525459235.6687898,0.0,0.0,0.0,0.0,54546496.81528662,52019108.28025477,52524203.82165605,988422929.9363056,True
93,10.0,0,0.0,0,0.0,287898.0891719745,0.0,0.0,0.0,0.0,0.0,0.0,0.0,30631847.13375796,False
94,30.0,11,11.0,1,30762.10191082802,152064331.2101911,0.0,0.0,0.0,0.0,5416560.50955414,6132484.076433121,8080891.719745222,614707006.3694267,True
95,20.0,25,6.988888888888889,35,13864390.98089172,21784076.43312101,60509554.14012738,57324840.76433121,57324840.76433121,51592356.68789808,57324840.76433121,57324840.76433121,51592356.68789808,15571974.52229299,True
96,20.0,11,6.611111111111111,12,18015833.9299363,25207006.36942675,0.0,6336942.675159236,1882165.605095541,0.0,6336942.675159236,1882165.605095541,180891.7197452229,55886624.20382165,True
97,10.0,17,15.5,2,2640048.52866242,43301365605.09554,0.0,0.0,0.0,0.0,1895415923.566879,2411861146.496815,9631648407.643312,6905297452.2293,True
98,0.0,0,0.0,0,0.0,219228025.477707,0.0,0.0,0.0,0.0,0.0,0.0,0.0,44363694.26751592,False
99,80.0,0,0.0,0,0.0,31081528.66242038,33356687.89808917,37636942.67515923,52012101.91082802,38717197.4522293,37640127.38853503,53247133.75796178,38717197.4522293,94090445.8598726,False
100,20.0,0,0.0,0,0.0,17477707.00636943,0.0,0.0,0.0,0.0,0.0,0.0,0.0,58802547.77070063,False
101,20.0,56,20.83582089552239,48,25170509.03821656,7412738.853503184,0.0,0.0,0.0,0.0,0.0,0.0,0.0,143389171.9745223,True
102,0.0,0,0.0,0,0.0,133210828.0254777,0.0,0.0,0.0,0.0,4685350.318471338,6459235.668789809,7112738.853503184,1690308917.197452,False
103,60.0,42,23.12121212121212,32,132788333.5859872,1726300000.0,0.0,0.0,0.0,0.0,69849044.58598725,36602547.77070063,62000000.0,12845143949.04459,True
104,10.0,16,6.75,6,3787473.248407643,566485350.3184713,0.0,0.0,0.0,0.0,9971337.579617834,21157961.78343949,24249044.58598726,315666878.9808917,True
105,10.0,0,0.0,0,0.0,219287898.089172,0.0,0.0,95477070.06369428,0.0,3796178.343949045,98729936.30573247,3566878.980891719,566463694.2675159,False
106,0.0,21,11.0,1,627138.1656050956,668152.8662420382,0.0,0.0,0.0,0.0,0.0,440127.3885350318,440127.3885350318,5249681.52866242,True
107,40.0,4,1.470588235294118,0,0.0,9940764.33121019,0.0,0.0,0.0,0.0,21656.05095541401,45222.92993630573,39490.44585987261,564361783.4394904,True
108,20.0,5,3.625,0,0.0,2356050.955414013,73248407.6433121,0.0,109872611.4649681,0.0,0.0,109883439.4904458,40764.33121019108,115119745.2229299,True
109,20.0,14,8.333333333333334,2,535638.8280254777,3149808917.197452,0.0,0.0,0.0,0.0,226336942.6751592,266470063.6942675,264178343.9490446,1668613375.796178,True
110,50.0,22,5.057142857142857,12,13049161.06369427,2238180254.77707,0.0,0.0,0.0,0.0,194752866.2420382,146957961.7834395,138784713.3757962,6999224840.764331,True
111,0.0,3,3.0,0,0.0,23942675.15923567,84012738.85350318,93630573.24840765,93630573.24840765,0.0,98294267.51592356,98105732.48407644,5424840.76433121,155160509.5541401,True
112,10.0,0,0.0,0,0.0,11919745.22292994,0.0,0.0,0.0,0.0,0.0,0.0,0.0,51561146.49681529,False
113,40.0,32,6.25,3,3230188.535031847,4052866.242038216,9554140.127388537,9554140.127388537,22484076.43312101,17324840.76433121,9554140.127388537,22484076.43312101,17324840.76433121,42475159.23566879,True
114,220.0,63,17.00892857142857,72,46276458.18471338,2231988535.031847,1279386624.203822,1042682802.547771,600136942.6751592,113208280.2547771,1250214649.681529,839832484.0764331,523659235.6687898,2166944585.987261,True
115,20.0,23,7.375,13,5707679.49044586,268091719.7452229,119436942.6751592,129661146.4968153,443183439.4904459,455668152.866242,157021656.0509554,472093630.5732484,482824840.7643312,489216560.5095541,True
116,20.0,0,0.0,0,0.0,991283439.490446,0.0,0.0,0.0,0.0,0.0,0.0,0.0,5911342038.21656,False
117,10.0,0,0.0,0,0.0,4121019.108280255,0.0,0.0,0.0,0.0,0.0,0.0,0.0,84083439.49044585,False
118,80.0,73,64.25,12,6498475.114649682,8780891.719745222,0.0,0.0,0.0,0.0,1497452.229299363,4582165.605095541,1870700.636942675,166417197.4522293,True
119,0.0,0,0.0,0,0.0,8001273.885350318,0.0,0.0,0.0,0.0,0.0,0.0,0.0,0.0,False
120,10.0,1,1.0,0,0.0,81891082.80254777,0.0,0.0,0.0,0.0,0.0,0.0,0.0,182314012.7388535,True
121,20.0,23,4.875,14,8116624.254777068,74905732.48407643,59554140.12738853,8917197.452229299,31210191.08280255,28662420.3821656,18993630.57324841,55740127.38853503,49689808.91719745,149582165.6050955,True
122,20.0,8,5.5,3,636935.2356687898,12563694.26751592,0.0,0.0,0.0,0.0,0.0,0.0,0.0,87849681.52866241,True
123,20.0,2,2.0,0,0.0,334910828.0254777,0.0,0.0,0.0,0.0,789171.974522293,499363.0573248408,406369.4267515923,855913375.7961783,True
124,30.0,0,0.0,0,0.0,30072928662.42038,177510799363.0573,0.0,173294685350.3185,167979156687.8981,0.0,218657384713.3758,218470236942.6752,12638698726.11465,False
125,,33,8.035294117647059,27,7753839.452229299,9085350.318471337,0.0,100636.9426751592,8119108.280254777,4793630.573248408,112101.9108280255,8168789.808917197,4852866.242038216,180514012.7388535,True
126,60.0,457,144.375,5,2716416.07643312,76025477.70700637,0.0,0.0,0.0,0.0,4040127.388535032,211994904.4585987,178137579.6178344,3436926751.592357,True
127,10.0,226,78.0,2,72737.35031847133,525477.7070063694,0.0,0.0,0.0,0.0,0.0,0.0,0.0,60339490.44585987,True
128,30.0,7,2.888888888888889,2,878507.152866242,43780891.71974522,5582802.5477707,5149681.52866242,1245222.929936306,659235.6687898089,7889808.917197452,2756050.955414013,2875796.178343949,5267254777.070064,True
129,20.0,34,18.13888888888889,61,70309611.97452228,201306369.4267516,0.0,0.0,0.0,0.0,2310828.025477707,5236305.732484076,5288535.031847133,661523566.8789809,True
130,40.0,14,4.028409090909091,45,3378777.324840765,272482802.5477707,0.0,0.0,0.0,0.0,37398089.17197452,21132484.07643312,8855414.012738854,253627388.5350318,True
131,20.0,14,7.0,1,0.0509554140127388,32126751.59235669,163787261.1464968,72290445.85987261,187581528.6624204,130996815.2866242,72290445.85987261,187581528.6624204,130996815.2866242,399759235.6687898,True
132,20.0,0,0.0,0,0.0,68152.86624203822,0.0,0.0,13777070.06369427,13777070.06369427,0.0,13777070.06369427,13777070.06369427,333861783.4394904,False
133,40.0,0,0.0,0,0.0,65094010828.02548,7966322929.936305,18547830573.24841,34819145859.87261,26837579617.8344,26761034394.90446,43118821656.05096,36974042675.15923,23131185987.26115,False
134,20.0,78,22.44444444444444,47,21420394.83439489,44965605.0955414,47503184.71337579,38076433.12101911,44605095.54140128,125050955.4140127,42650955.41401274,49758598.72611465,130345222.9299363,194939490.4458599,True
135,60.0,20,5.739130434782608,8,3667931.853503185,12297543312.10191,11455410191.0828,11946701910.82803,11946701910.82803,10729504458.59873,12251061783.43949,12210610828.02548,11056319108.28025,11909882165.6051,True
136,20.0,1,1.0,0,0.0,6250955.414012739,17197452.22929936,22292993.63057325,23792993.63057325,13057324.84076433,22292993.63057325,23792993.63057325,13057324.84076433,20766242.03821656,True
137,50.0,28,9.0,4,4264366.611464968,18024896815.28662,1784652229.299363,43542675.15923566,0.0,1878980891.719745,444982802.5477707,364336305.732484,2211912738.853503,5249164968.152866,True
138,10.0,0,0.0,0,0.0,29135031.84713376,0.0,0.0,0.0,0.0,0.0,0.0,0.0,15079617.8343949,False
139,20.0,0,0.0,0,0.0,170557324.8407643,794291082.8025477,648450318.4713376,453892356.6878981,625107643.3121018,4088400636.942675,3107845859.872612,3706683439.490446,378598089.1719745,False
140,10.0,12,2.833333333333333,1,7744.261146496815,1391082.802547771,0.0,0.0,0.0,0.0,44585.9872611465,0.0,519108.2802547771,5838216.560509554,True
141,20.0,5,1.894736842105263,0,0.0,22784713.37579618,60191082.80254777,52547770.70063694,106687898.089172,79617834.39490445,52547770.70063694,110913375.7961783,81924840.7643312,287131210.1910828,True
142,10.0,36,11.875,6,0.0382165605095541,2381528.662420382,0.0,0.0,0.0,0.0,0.0,0.0,0.0,13558598.72611465,True
143,30.0,78,15.22142857142857,71,23046910.57961783,67512738.85350318,2064331.210191083,29299.36305732484,0.0,0.0,29299.36305732484,0.0,2986624.203821656,114819108.2802548,True
144,10.0,9,1.858870967741935,12,5389108.140127388,6470063.694267516,0.0,0.0,0.0,0.0,5095.541401273885,5095.541401273885,5095.541401273885,50290445.85987261,True
145,20.0,28,9.8,3,0.0318471337579617,0.0,32175796.17834395,21791719.74522293,26905732.48407644,24830573.24840764,21791719.74522293,26905732.48407644,24830573.24840764,29205095.54140127,True
146,10.0,23,5.088607594936708,20,19958019.33757961,37504458.59872612,0.0,0.0,0.0,0.0,0.0,0.0,0.0,50177707.00636943,True
147,10.0,12,12.0,2,2193598.828025478,71519745.22292994,0.0,0.0,0.0,0.0,2737579.617834395,2919745.222929936,2729936.305732484,21631847.13375796,True
148,10.0,8,3.372093023255814,8,3674955.184713376,50400000.0,0.0,0.0,0.0,2547.770700636942,103184.7133757962,328662.4203821656,887261.1464968153,108580254.7770701,True
149,110.0,18,3.157894736842105,2,976466.9044585988,72085987.2611465,0.0,0.0,0.0,0.0,0.0,0.0,97452.22929936304,272533757.9617834,True
150,20.0,2,2.0,0,0.0,270501910.8280255,95541.40127388536,95541.40127388536,579905095.5414013,487834394.9044586,95541.40127388536,579905095.5414013,487834394.9044586,948952866.242038,True
151,0.0,0,0.0,0,0.0,68071337.57961783,31821019.10828025,4983439.49044586,110953503.1847134,159235668.7898089,4983439.49044586,110953503.1847134,163092356.6878981,46108280.25477707,False
152,80.0,177,18.41379310344828,18,10040577.35031847,41040764.33121019,57907643.31210191,59370700.63694267,32633757.96178344,40224203.82165605,71000000.0,32638853.50318472,40229299.36305732,58559872.61146496,True
153,20.0,16,5.666666666666667,2,1726486.624203822,14638216.56050955,2776433.121019108,1824840.76433121,872611.4649681528,0.0,1975159.23566879,1022929.936305732,2947133.757961783,14007643.31210191,True
154,20.0,47,11.01652892561983,65,33941961.05732484,1415923.566878981,0.0,0.0,0.0,0.0,3184.713375796178,31210.19108280255,15923.56687898089,68283439.49044585,True
155,50.0,315,40.625,1,240754.8025477707,55078980.89171974,402375796.178344,434255414.0127388,501056687.8980892,597565605.0955414,434255414.0127388,501056687.8980892,597565605.0955414,377452866.2420382,True
156,20.0,1,1.0,0,0.0,155024203.821656,0.0,0.0,0.0,0.0,7498089.171974522,6975796.178343949,6866878.980891719,146334394.9044586,True
157,20.0,4,1.72093023255814,0,0.0,5429299.363057325,0.0,0.0,0.0,0.0,0.0,0.0,0.0,26185350.31847133,True
158,20.0,5,5.0,0,0.0,70768152.86624204,0.0,0.0,0.0,0.0,0.0,0.0,0.0,195670700.6369427,True
159,10.0,3,2.0,0,0.0,4338216.560509554,4775796.178343949,4775796.178343949,4215286.624203822,4215286.624203822,6898089.171974522,6219108.280254777,8005732.484076433,39055414.01273885,True
160,30.0,1,1.0,0,0.0,60745222.92993631,0.0,0.0,0.0,0.0,0.0,0.0,0.0,68861783.43949044,True
161,10.0,4,2.25,0,0.0,210361146.4968153,0.0,0.0,0.0,0.0,5808917.197452229,4805732.484076433,3789808.917197452,23349681.52866242,True
162,10.0,5,2.166666666666667,0,0.0,16012738.85350318,0.0,0.0,0.0,0.0,0.0,22929.93630573248,7800000.0,284863694.2675159,True
163,20.0,27,6.466666666666667,19,5143901.439490447,105732.4840764331,0.0,8238853.503184713,5621656.050955414,8889808.917197451,8238853.503184713,5621656.050955414,8889808.917197451,13676433.12101911,True
164,20.0,6,2.769230769230769,2,3546994.662420382,2383439.49044586,0.0,0.0,72793630.5732484,69354140.12738854,0.0,72793630.5732484,69413375.79617834,32289808.91719745,True
165,10.0,17,4.183673469387755,14,6530447.350318471,8347770.700636942,0.0,0.0,0.0,0.0,0.0,113375.7961783439,16560.50955414013,50842675.15923566,True
166,20.0,7,2.74,1,607907.74522293,2114649.681528662,0.0,0.0,0.0,0.0,17834.3949044586,34394.90445859872,34394.90445859872,1624882165.605095,True
167,30.0,57,16.69491525423729,44,26621888.94267515,1596789808.917198,1107364331.210191,1441676433.121019,0.0,0.0,1505453503.184713,98321656.0509554,99166878.98089172,2473536942.675159,True
168,50.0,9,4.333333333333333,3,1003668.248407643,3538216.560509554,133121019.1082803,100636942.6751592,110383439.4904458,93579617.8343949,100636942.6751592,110383439.4904458,93579617.8343949,187340764.3312102,True
169,10.0,0,0.0,0,0.0,280568152.8662421,611655414.0127388,640149044.5859872,254269426.7515924,76568152.86624204,671966242.0382166,298682165.6050955,98549681.5286624,540019745.22293,False
170,10.0,1,1.0,0,0.0,478980.8917197452,0.0,0.0,0.0,5503821.656050955,0.0,0.0,5503821.656050955,19085987.2611465,True
171,20.0,0,0.0,0,0.0,246229299.3630573,0.0,0.0,0.0,0.0,47305095.54140128,34543312.10191083,47066878.98089172,69156687.89808917,False
172,10.0,14,2.78804347826087,10,7323545.936305731,7012738.853503184,5685987.261146497,0.0,0.0,0.0,0.0,0.0,0.0,30152866.24203822,True
173,110.0,0,0.0,0,0.0,2188124203.821656,0.0,0.0,0.0,1445535668.789809,79839490.44585986,38105732.48407643,1463978343.949044,1124524203.821656,False
174,370.0,373,357.0,5,7363476.853503184,24850318.47133758,0.0,11229299.36305732,17197452.22929936,11464968.15286624,11229299.36305732,17197452.22929936,11464968.15286624,147754140.1273885,True
175,,5,2.111111111111111,0,0.0,106073248.4076433,0.0,0.0,0.0,0.0,3471974.522292993,4880254.777070063,6756687.898089171,595247770.7006369,True
176,10.0,0,0.0,0,0.0,18467515.92356688,0.0,0.0,0.0,0.0,0.0,637579.6178343949,489808.9171974522,11010828.02547771,False
177,10.0,16,2.789473684210526,6,3222944.095541401,33542675.15923567,0.0,0.0,0.0,0.0,0.0,18471.33757961784,0.0,299991082.8025477,True
178,10.0,0,0.0,0,0.0,10004458.59872611,0.0,0.0,0.0,0.0,1247133.757961783,-1357961.78343949,4801273.885350319,309560509.5541401,False
179,10.0,5,2.571428571428572,0,0.0,50007643.31210191,58741401.27388535,0.0,31608280.25477707,0.0,0.0,31772611.46496815,138216.5605095541,83742675.15923567,True
180,20.0,0,0.0,0,0.0,38279617.8343949,0.0,0.0,0.0,0.0,0.0,0.0,0.0,41124203.82165605,False
181,10.0,0,0.0,0,0.0,13008280.25477707,0.0,0.0,507006.3694267516,525477.7070063694,0.0,507006.3694267516,525477.7070063694,32185350.31847133,False
182,80.0,4,4.0,0,0.0,121476433.1210191,250167515.9235669,403732484.0764331,360259872.611465,238140127.3885351,409408917.1974522,368657961.7834395,245753503.1847134,95193630.5732484,True
183,150.0,6,6.0,1,493629.3694267516,89162420.3821656,30658598.72611465,19071974.522293,124125477.7070064,125944585.9872612,20445859.87261146,125808280.2547771,127782802.5477707,178991082.8025478,True
184,30.0,9,2.348837209302326,6,4653571.4522293,28132484.07643312,18811464.96815287,0.0,29958598.72611465,63676433.1210191,868152.8662420382,31663694.26751592,67273885.35031846,82798726.11464968,True
185,10.0,265,95.0,3,157146.5668789809,181901273.8853503,1312101910.828025,1736242038.21656,2669235668.789809,2454140127.388535,1736266878.980892,2669257961.783439,2454159235.66879,954405732.4840764,True
186,10.0,9,2.673076923076923,13,1051275.331210191,1852229.299363057,0.0,0.0,0.0,0.0,0.0,0.0,0.0,252164968.1528662,True
187,30.0,5,2.342105263157895,0,0.0,0.0,0.0,0.0,0.0,0.0,0.0,0.0,0.0,23589808.91719745,True
188,70.0,0,0.0,0,0.0,11262420.3821656,0.0,0.0,27229299.36305732,27433121.01910828,0.0,27229299.36305732,27573248.40764331,35822929.93630573,False
189,10.0,8,3.5,11,2750321.159235668,3006369.426751592,0.0,0.0,0.0,0.0,0.0,3757961.78343949,2634394.904458599,50500636.94267516,True
190,10.0,9,4.103448275862069,8,259041.5987261146,40805095.54140128,0.0,0.0,40952866.24203821,42139490.44585987,0.0,40952866.24203821,42139490.44585987,12925477.70700637,True
191,30.0,0,0.0,0,0.0,257652229.299363,0.0,0.0,0.0,0.0,16499363.05732484,16160509.55414013,17529936.30573248,974962420.3821656,False
192,20.0,0,0.0,0,0.0,121542675.1592357,0.0,0.0,0.0,0.0,2666242.038216561,0.0,0.0,31594904.45859873,False
193,20.0,0,0.0,0,0.0,42893630.57324841,0.0,0.0,23770700.63694268,0.0,0.0,24271337.57961783,1391719.74522293,9347133.757961784,False
194,10.0,0,0.0,0,0.0,168513375.7961783,0.0,0.0,0.0,0.0,0.0,8662420.382165605,26857324.84076433,66755414.01273885,False
195,60.0,394,200.5,2,1251301.910828025,1037724263694.268,744162524840.7643,1038017115286.624,1142726943312.102,1058460824840.764,1058395739490.446,1171881114012.739,1090158170700.637,181708303821.656,True
196,80.0,51,11.66666666666667,16,3392228.617834395,15877070.06369427,0.0,0.0,48205095.54140128,60943949.04458599,0.0,55203821.65605095,70371337.57961783,150064968.1528662,True
197,20.0,0,0.0,0,0.0,11620382.16560509,12743312.10191083,16841401.27388535,24100000.0,0.0,16841401.27388535,24500000.0,398726.1146496815,78852866.24203822,False
198,10.0,8,3.25,2,1832469.592356688,24182165.60509554,0.0,0.0,0.0,0.0,717834.3949044585,1245222.929936306,1331210.191082803,51840764.33121019,True
199,10.0,1,1.0,0,0.0,57799363.05732484,0.0,0.0,0.0,0.0,2975796.178343949,1589171.974522293,2266878.980891719,21113375.79617834,True
200,20.0,0,0.0,0,0.0,83989976433.12102,6829901273.88535,1829498089.171974,478293630.5732484,0.0,4577595541.401274,4422177707.00637,5400117834.394904,12493683439.49045,False
201,70.0,5,1.8,0,0.0,31422929.93630573,0.0,0.0,0.0,0.0,0.0,0.0,0.0,158635031.8471338,True
202,10.0,13,5.297872340425532,21,9091206.770700635,68189808.91719745,0.0,0.0,0.0,0.0,2264968.152866242,1256687.898089172,989808.9171974522,280939490.4458598,True
203,10.0,0,0.0,0,0.0,2717834.394904458,0.0,0.0,3738853.503184713,9331210.191082802,0.0,3738853.503184713,9331210.191082802,6289171.974522293,False
204,30.0,26,5.222222222222222,33,13133480.66878981,5712739490.44586,0.0,0.0,1529243312.101911,1649853503.184713,2461864331.210191,6136310191.082803,4821703821.656051,16750458598.72611,True
205,40.0,49,10.488,145,89202522.87261142,4080156687.898089,457324840.7643312,1990445859.872612,1756680254.77707,0.0,2322063057.324841,2909739490.44586,1954522292.99363,50298071337.57961,True
206,20.0,244,37.96666666666667,20,8207597.764331209,70977707.00636943,0.0,0.0,0.0,0.0,0.0,0.0,0.0,104588535.0318471,True
207,10.0,26,5.035714285714286,20,6534116.681528663,5224203.821656051,1815286.624203822,0.0,480891.7197452229,0.0,0.0,480891.7197452229,0.0,12010191.08280255,True
208,0.0,2,1.153846153846154,0,0.0,1593630.573248408,0.0,286624.2038216561,127388.5350318471,0.0,286624.2038216561,127388.5350318471,0.0,19022929.93630573,True
209,0.0,24,6.5,3,30830.71974522293,0.0,4171974.522292993,4550955.414012739,4929936.305732484,0.0,4550955.414012739,4929936.305732484,0.0,14571974.52229299,True
210,0.0,22,6.7,4,2462452.78343949,394887261.1464968,0.0,0.0,0.0,0.0,0.0,0.0,0.0,15880635668.78981,True
211,0.0,52,10.33333333333333,2,606187.2101910828,1185875159.235669,0.0,0.0,0.0,0.0,7229936.305732484,15306369.42675159,219471337.5796178,1107454140.127388,True
212,10.0,0,0.0,0,0.0,12012738.85350318,0.0,5605732.484076433,3964331.210191082,6174522.29299363,5605732.484076433,3964331.210191082,6174522.29299363,12146496.81528662,False
213,20.0,83,22.4,4,1099670.191082802,100352866.2420382,8833121.01910828,15461783.43949044,17388535.03184713,19745222.9299363,25681528.66242038,22673885.35031847,41097452.22929936,99584076.433121,True
214,10.0,14,3.946428571428572,12,4179118.350318471,6517197.452229299,0.0,0.0,0.0,0.0,0.0,0.0,0.0,46299363.05732484,True
215,20.0,4,1.75,0,0.0,49281528.66242038,0.0,0.0,22378980.89171974,20003821.65605096,0.0,22378980.89171974,21573248.40764331,43143949.04458599,True
216,0.0,0,0.0,0,0.0,43949.04458598726,8821656.050955413,5585987.261146497,5602547.770700636,5031847.133757962,5585987.261146497,5602547.770700636,5031847.133757962,38165605.0955414,False
217,10.0,0,0.0,0,0.0,22091082.80254777,0.0,0.0,0.0,17006369.42675159,301910.8280254777,1170063.694267516,22882165.60509554,81939490.44585986,False
218,40.0,13,4.971428571428572,14,8376754.49044586,23909554.14012739,0.0,0.0,0.0,47852866.24203821,0.0,0.0,52874522.29299363,0.0,True
219,10.0,6,2.642857142857143,1,352953.8216560509,2275159.23566879,0.0,0.0,0.0,0.0,0.0,0.0,0.0,0.0,True
220,20.0,0,0.0,0,0.0,18093630.57324841,2822929.936305732,1351592.356687898,1447770.700636943,4076433.121019108,1351592.356687898,1776433.121019108,4094267.515923567,23633757.96178344,False
221,10.0,5,3.0,0,0.0,2178343.949044586,0.0,0.0,0.0,0.0,0.0,0.0,0.0,0.0,True
222,20.0,7,3.714285714285714,2,1065089.649681529,462445222.9299363,0.0,0.0,0.0,134593630.5732484,0.0,1081528.662420382,138806369.4267516,369008917.1974522,True
223,,39,10.26973684210526,77,29686281.9044586,1028662.420382166,0.0,77258598.72611465,0.0,271224203.821656,77268152.86624204,7643.312101910828,271239490.4458598,512853503.1847134,True
224,70.0,7,2.902439024390244,7,3822954.821656051,444229936.3057325,0.0,0.0,0.0,0.0,3980254.777070064,4121019.108280255,419108.2802547771,932863057.3248408,True
225,10.0,13,4.027777777777778,9,3384657.910828025,47798726.11464968,11687898.08917197,12065605.0955414,5820382.165605095,14275159.23566879,12065605.0955414,5820382.165605095,14275159.23566879,73263057.32484075,True
226,30.0,0,0.0,0,0.0,13708917.19745223,0.0,0.0,0.0,1802547.770700637,836305.7324840764,10157961.78343949,8147770.700636942,36884713.37579618,False
227,0.0,24,5.969072164948454,40,20011929.24203822,33139490.44585987,0.0,0.0,0.0,0.0,4418471.337579617,2470063.694267516,9019108.280254778,128318471.3375796,True
228,10.0,0,0.0,0,0.0,89171.97452229299,0.0,0.0,0.0,0.0,0.0,0.0,0.0,88866242.03821656,False
229,20.0,35,10.75,36,12745219.52866242,27020382.16560509,0.0,0.0,12539490.44585987,24603184.7133758,0.0,12539490.44585987,25242675.15923567,29826751.59235669,True
230,,6,3.5,1,11628.75796178344,91542675.15923569,28550955.41401274,28403184.7133758,45306369.42675159,49213375.79617834,28403184.7133758,45306369.42675159,51859872.61146497,152877707.0063694,True
231,20.0,15,2.842105263157895,1,146.5605095541401,19789171.97452229,0.0,8280254.777070063,2547770.700636942,0.0,8280254.777070063,2547770.700636942,0.0,202066878.9808917,True
232,20.0,0,0.0,0,0.0,23406369.42675159,47697452.22929936,0.0,70161146.49681528,70161146.49681528,0.0,70161146.49681528,70161146.49681528,263546496.8152866,False
233,20.0,22,13.0,29,46930929.59235667,7028351592.356688,399591719.7452229,306728025.477707,281337579.6178344,513231847.133758,484453503.1847134,609303821.6560509,1024201910.828026,24352604458.59872,True
234,40.0,4,4.0,0,0.0,183363057.3248408,0.0,0.0,0.0,0.0,7197452.229299363,1872611.464968153,1363057.324840765,1015723566.878981,True
235,20.0,2,1.5,0,0.0,422166242.0382165,480891719.7452229,519108280.2547771,318369426.7515923,140445859.8726115,519596178.343949,319059872.611465,140929936.3057325,685919745.22293,True
236,30.0,0,0.0,0,0.0,50216785987.26115,6356489808.917197,21868914012.73885,34909090445.85987,32562684713.3758,21882818471.33758,34940429936.30573,32794826751.59236,5369877707.00637,False
237,10.0,7,3.666666666666667,1,451098.7324840764,7202547.770700636,624203.821656051,5997452.229299363,2698089.171974522,2698089.171974522,5997452.229299363,2698089.171974522,2698089.171974522,25648407.6433121,True
238,20.0,17,5.882978723404255,31,10262077.89808917,0.0,1082802.547770701,8726114.649681529,37356687.89808917,94267.51592356688,8726114.649681529,37356687.89808917,94267.51592356688,89812738.85350318,True
239,10.0,7,2.388888888888889,7,782355.6815286624,0.0,0.0,0.0,0.0,0.0,0.0,0.0,0.0,33256050.95541401,True
240,40.0,2,2.0,0,0.0,165605.0955414013,0.0,0.0,159235.6687898089,833757.9617834395,0.0,159235.6687898089,833757.9617834395,2182165.605095541,True
241,70.0,0,0.0,0,0.0,355010191.0828025,0.0,53313375.79617834,129116560.5095541,0.0,54669426.75159235,130302547.7707006,1080891.719745223,60257324.84076433,False
242,30.0,0,0.0,0,0.0,238145222.9299363,0.0,318471337.5796178,260567515.9235669,270217834.3949044,318914649.6815286,261468152.866242,271089171.9745223,619957324.8407643,False
243,10.0,34,34.0,1,6575.15923566879,1130737579.617834,1083781528.662421,1052607006.369427,984105732.4840764,899437579.6178343,1052839490.44586,984338216.5605096,899670063.6942675,711629299.3630573,True
244,0.0,8,2.92156862745098,13,2120751.197452229,4738853.503184713,0.0,0.0,0.0,0.0,0.0,0.0,800636.9426751592,0.0,True
245,0.0,13,4.25,1,0.0063694267515923,117834.3949044586,0.0,1241401.27388535,0.0,0.0,10591719.74522293,335031.847133758,0.0,15641401.27388535,True
246,10.0,0,0.0,0,0.0,3250955.414012739,0.0,0.0,0.0,2956687.898089172,0.0,0.0,2956687.898089172,4250955.414012739,False
247,,0,0.0,0,0.0,59894117834.39491,22798926751.59236,5908258598.726114,37961366878.98089,48875067515.92357,8492220382.165605,42347935668.78981,59529982802.54777,5782484713.375796,False
248,10.0,29,6.275109170305677,87,132537620.2547771,54140.12738853503,4713375.796178344,9652229.299363056,14917197.4522293,20321656.05095541,9652229.299363056,14917197.4522293,20321656.05095541,16560509.55414013,True
249,30.0,6,3.25,1,511178.9108280255,43687261.14649681,23333757.96178344,117929936.3057325,0.0,0.0,117929936.3057325,0.0,0.0,130227388.5350318,True
250,20.0,0,0.0,0,0.0,7340764.33121019,0.0,0.0,0.0,6291082.802547771,397452.229299363,59235.66878980892,6319108.280254777,89873248.4076433,False
251,10.0,0,0.0,0,0.0,62764968.15286624,5095541.401273885,4777070.063694268,7961783.439490446,7961783.439490446,20202547.77070064,18961146.49681529,16826751.59235669,39558598.72611465,False
252,10.0,0,0.0,0,0.0,2072611.464968153,0.0,0.0,0.0,0.0,0.0,0.0,0.0,56340764.33121019,False
253,350.0,0,0.0,0,0.0,4611464.968152866,0.0,0.0,0.0,0.0,0.0,0.0,0.0,31746496.81528662,False
254,0.0,3,3.0,0,0.0,7184713.375796178,0.0,0.0,0.0,0.0,536305.7324840764,3899363.057324841,634394.9044585987,18498726.11464968,True
255,30.0,9,3.1,9,1112314.127388535,8218471.337579617,5563057.324840765,5704458.598726114,29474522.29299363,49448407.6433121,5704458.598726114,29474522.29299363,49448407.6433121,22439490.44585987,True
256,10.0,0,0.0,0,0.0,30182165.60509554,0.0,0.0,0.0,0.0,0.0,0.0,0.0,181123566.8789809,False
257,20.0,7,2.339285714285714,5,1016999.261146497,24252866.24203822,0.0,0.0,0.0,12200636.94267516,280254.7770700637,0.0,13576433.12101911,6323566.878980892,True
258,40.0,0,0.0,0,0.0,0.0,0.0,1912738.853503185,614012.7388535031,0.0,2228025.477707007,1017197.452229299,0.0,95680254.77707006,False
259,10.0,0,0.0,0,0.0,19364968.15286624,0.0,21910828.02547771,10445859.87261146,560509.5541401274,24239490.44585987,12162420.3821656,2396815.286624204,8856050.955414012,False
260,0.0,327,28.3448275862069,17,25299707.00636943,744071974.522293,378196815.2866242,0.0,0.0,0.0,1756687.898089172,60803184.71337579,218723566.8789809,2481208280.254777,True
261,10.0,37,5.5625,3,0.0382165605095541,1256687.898089172,0.0,0.0,4740764.33121019,8989171.974522293,0.0,4740764.33121019,8989171.974522293,7114012.738853503,True
262,180.0,0,0.0,0,0.0,20835031.84713376,0.0,0.0,127887261.1464968,0.0,0.0,127887261.1464968,0.0,128403184.7133758,False
263,10.0,0,0.0,0,0.0,149044.5859872611,0.0,0.0,0.0,0.0,0.0,0.0,0.0,53320382.16560509,False
264,10.0,18,4.888888888888889,7,2188439.560509554,1289808.917197452,0.0,0.0,0.0,0.0,38853.50318471337,105095.5414012739,512738.8535031847,19649044.58598726,True
265,0.0,16,6.214285714285714,5,1160101.904458599,4890445.859872611,0.0,0.0,0.0,0.0,0.0,0.0,0.0,49733121.01910828,True
266,10.0,4,4.0,0,0.0,89554777.0700637,100955414.0127388,74419745.22292994,112572611.4649681,84960509.55414012,75766878.98089172,115214649.6815287,86491082.80254777,209550955.4140128,True
267,0.0,7,3.363636363636364,2,493720.076433121,27013375.79617834,0.0,0.0,5965605.095541401,4636305.732484076,0.0,6266878.980891719,6986624.203821655,15180891.71974522,True
268,10.0,10,3.958333333333333,6,453963.5987261148,0.0,0.0,0.0,0.0,0.0,0.0,0.0,0.0,67483439.49044585,True
269,10.0,0,0.0,0,0.0,510372611.4649681,0.0,0.0,0.0,0.0,0.0,15301910.82802548,22817834.39490446,259155414.0127389,False
270,20.0,13,5.05050505050505,41,23475936.60509554,49487261.14649681,0.0,0.0,19107643.31210191,0.0,37579.6178343949,20247133.75796178,1524203.821656051,116373885.3503185,True
271,20.0,15,8.0,1,0.4713375796178343,7318471.337579617,0.0,0.0,0.0,8936942.675159235,0.0,0.0,9019108.280254778,0.0,True
272,30.0,3,1.5,0,0.0,695239490.4458598,0.0,0.0,0.0,0.0,4458.598726114649,4458.598726114649,5095.541401273885,28887261.14649681,True
273,40.0,0,0.0,0,0.0,3313375.796178344,0.0,1318471.337579618,0.0,0.0,1318471.337579618,0.0,0.0,12329299.36305732,False
274,20.0,23,3.6875,19,9967531.445859876,33650955.41401274,0.0,0.0,0.0,0.0,0.0,0.0,0.0,145370063.6942675,True
275,20.0,1,1.0,0,0.0,0.0,0.0,0.0,0.0,0.0,0.0,0.0,0.0,11361783.43949044,True
276,10.0,4,3.0,0,0.0,2668152.866242038,0.0,8242675.159235668,1452866.242038216,1749681.52866242,9438216.560509551,2640764.331210191,2234394.904458599,36141401.27388535,True
277,20.0,0,0.0,0,0.0,133523566.8789809,54905095.54140128,142991082.8025478,173915286.6242038,253829936.3057325,142991082.8025478,173915286.6242038,253829936.3057325,141401910.8280255,False
278,20.0,46,7.0,8,3456200.229299363,3470700.636942675,0.0,0.0,31847133.75796178,54043312.10191083,0.0,31847133.75796178,54545222.92993631,49578343.94904459,True
279,10.0,9,5.0,1,453454.7770700637,10256050.95541401,0.0,0.0,4239490.445859873,2201273.885350318,0.0,4239490.445859873,2201273.885350318,36782165.60509554,True
280,10.0,0,0.0,0,0.0,226114.6496815287,0.0,0.0,0.0,0.0,0.0,8280.254777070064,14012.73885350318,106810828.0254777,False
281,10.0,1,1.0,0,0.0,100636.9426751592,0.0,0.0,0.0,12078980.89171974,0.0,0.0,12078980.89171974,32784076.43312101,True
282,20.0,11,2.529411764705882,6,2277506.261146497,0.0,0.0,0.0,0.0,0.0,0.0,0.0,0.0,1187261.146496815,True
283,20.0,42,4.522388059701493,17,6386230.624203821,2000000.0,0.0,0.0,0.0,0.0,0.0,0.0,0.0,17392993.63057325,True
284,20.0,400,245.2162162162163,30,19278961.52866242,124977878980.8917,24153160509.55414,74404531847.13376,63057324840.76433,0.0,79568831210.19109,69680356050.95541,10310219108.28025,11902427388.53503,True
285,0.0,32,17.42857142857143,18,3921448.261146497,32345859.87261146,0.0,0.0,22356687.89808917,18285350.31847134,0.0,22356687.89808917,18285350.31847134,199489171.9745223,True
286,10.0,0,0.0,0,0.0,2014649.681528662,0.0,0.0,0.0,0.0,0.0,0.0,0.0,35817834.39490446,False
287,10.0,0,0.0,0,0.0,196148863057.3248,127742636942.6752,40781877707.00637,50606687898.08917,76513568152.86624,47461478343.94904,57836163057.32484,99123755414.01274,59278666242.03822,False
288,0.0,0,0.0,0,0.0,8133757.961783439,0.0,0.0,0.0,0.0,0.0,0.0,1486624.203821656,5820382.165605095,False
289,70.0,13,3.261904761904762,11,7130401.630573248,12098726.11464968,0.0,201254777.0700637,229299363.0573248,229299363.0573248,201254777.0700637,229299363.0573248,229299363.0573248,373401273.8853503,True
290,20.0,0,0.0,0,0.0,159235.6687898089,0.0,0.0,0.0,0.0,0.0,0.0,0.0,28891082.80254777,False
291,120.0,28,5.2,5,3771208.375796177,8400000.0,59235.66878980892,805095.5414012738,11563694.26751592,12636942.67515924,805095.5414012738,11563694.26751592,12636942.67515924,59394904.45859873,True
292,10.0,30,9.166666666666666,3,1532082.649681529,3104458.598726115,0.0,0.0,0.0,0.0,0.0,0.0,0.0,7701910.828025477,True
293,10.0,13,5.0,1,0.0063694267515923,5405095.541401274,0.0,0.0,0.0,0.0,0.0,0.0,0.0,35201910.82802548,True
294,10.0,0,0.0,0,0.0,112101.9108280255,0.0,0.0,8026114.649681528,5851592.356687898,0.0,8026114.649681528,5851592.356687898,27469426.75159236,False
295,0.0,0,0.0,0,0.0,4441401.27388535,0.0,0.0,0.0,0.0,0.0,0.0,0.0,6672611.464968152,False
296,10.0,5,5.0,0,0.0,6022292.993630573,0.0,26845222.9299363,15905095.54140127,15905095.54140127,26845222.9299363,15905095.54140127,15905095.54140127,289640127.388535,True
297,100.0,1,1.0,0,0.0,56050.95541401274,0.0,0.0,0.0,0.0,0.0,0.0,0.0,17178343.94904459,True
298,10.0,6,2.041666666666667,2,612429.1974522293,6540764.33121019,0.0,0.0,253503.1847133757,636942.6751592356,0.0,2610828.025477707,5056050.955414012,7174522.29299363,True
299,10.0,156,19.0,1,0.0063694267515923,629299.3630573248,0.0,0.0,0.0,0.0,0.0,0.0,0.0,17059235.66878981,True
300,80.0,4,2.25,0,0.0,4510828.025477706,0.0,0.0,0.0,0.0,0.0,0.0,0.0,16084076.43312102,True
301,70.0,22,7.388888888888889,21,25011974.522293,10224073248.40764,0.0,0.0,30248859235.66879,26228989808.9172,0.0,30767700000.0,26761912738.8535,4176665605.095541,True
302,10.0,17,2.9,1,20743.1974522293,2423566.878980892,0.0,0.0,0.0,0.0,0.0,0.0,0.0,92936305.73248409,True
303,10.0,28,11.25,7,3561738.471337579,53314649.68152866,0.0,0.0,0.0,0.0,0.0,0.0,103184.7133757962,410963694.2675159,True
304,10.0,0,0.0,0,0.0,59681528.66242038,0.0,0.0,0.0,0.0,3398089.171974522,2467515.923566879,3542038.216560509,943338216.5605096,False
305,20.0,14,4.872384937238493,177,96847968.68789804,148715286.6242038,0.0,0.0,137994267.5159236,68685987.2611465,0.0,140759872.611465,75719745.22292994,387997452.2292994,True
306,70.0,7,4.0,1,0.0063694267515923,6017834.394904458,0.0,0.0,0.0,0.0,317197.4522292993,228025.4777070064,148407.6433121019,238509554.1401274,True
307,20.0,196,68.33333333333333,2,0.0127388535031847,0.0,0.0,0.0,0.0,0.0,0.0,0.0,0.0,8788535.031847134,True
308,10.0,8,3.0,2,738613.74522293,10891719.74522293,0.0,0.0,0.0,0.0,0.0,0.0,21656.05095541401,41788535.03184713,True
309,10.0,5,5.0,0,0.0,0.0,0.0,0.0,0.0,0.0,0.0,0.0,0.0,32061783.43949044,True
310,0.0,18,18.0,1,438459.3630573248,6698089.171974522,0.0,0.0,0.0,0.0,0.0,127955414.0127388,347563694.2675159,12265915286.6242,True
311,10.0,46,15.09699769053118,302,160675749.0254777,97761783.43949044,0.0,50955414.01273885,118727388.5350318,143184713.3757962,50955414.01273885,118778343.9490446,151886624.2038217,91640127.38853502,True
312,10.0,0,0.0,0,0.0,212101.9108280254,0.0,1105095.541401274,2384713.375796178,11242675.15923567,1105095.541401274,2384713.375796178,11242675.15923567,4843312.101910828,False
313,20.0,0,0.0,0,0.0,217834.3949044586,0.0,0.0,0.0,0.0,0.0,22929.93630573248,36305.73248407643,233604458.5987261,False
314,30.0,1,1.0,0,0.0,193630.5732484076,1910828.025477707,1910828.025477707,1910828.025477707,0.0,1910828.025477707,1910828.025477707,0.0,15296178.34394904,True
315,10.0,21,5.26,19,27263500.68152867,21209554.14012739,0.0,0.0,0.0,1273885.350318471,1293630.573248408,0.0,4497452.229299363,40446496.81528662,True
316,0.0,1,1.0,0,0.0,2835031.847133758,0.0,0.0,0.0,0.0,0.0,0.0,1482165.605095541,0.0,True
317,50.0,274,218.1935483870968,28,98020914.6624204,48148305095.5414,0.0,0.0,15985826751.59236,21147043312.10191,0.0,15986010191.0828,21147203821.65605,18623778980.89172,True
318,100.0,294,147.5,1,0.0127388535031847,1763646496.815287,0.0,19808917.19745223,0.0,0.0,22741401.27388535,4472611.464968152,5047770.700636943,142649044.5859873,True
319,10.0,0,0.0,0,0.0,37972865605.09554,0.0,0.0,5285319745.22293,0.0,2668152.866242038,5289191719.745223,59790445.85987261,1148001910.828025,False
320,10.0,0,0.0,0,0.0,1542877070.063694,0.0,0.0,0.0,0.0,0.0,561663057.3248408,459835031.8471338,2676942038.21656,False
321,230.0,225,47.72727272727273,6,3115789.0,7671974.522292993,0.0,0.0,0.0,50955414.01273885,0.0,0.0,50955414.01273885,134805732.4840764,True
322,20.0,19,7.422222222222222,27,5627593.490445861,8370063.694267516,0.0,0.0,0.0,0.0,0.0,0.0,5654140.127388535,0.0,True
323,20.0,0,0.0,0,0.0,4362420.382165605,0.0,3184.713375796178,0.0,3185987.261146497,3184.713375796178,0.0,3185987.261146497,12435031.84713376,False
324,0.0,23,9.615384615384617,8,1176288.942675159,413375.796178344,0.0,0.0,26125477.70700637,7501273.885350319,0.0,26125477.70700637,7501273.885350319,175206369.4267516,True
325,10.0,4,3.5,0,0.0,107516560.5095541,0.0,0.0,0.0,0.0,0.0,0.0,0.0,270401910.8280255,True
326,50.0,7,4.666666666666667,1,445.4777070063694,56369426.75159235,7803821.656050955,0.0,8436305.732484076,25988535.03184713,0.0,9601273.88535032,47875796.17834394,75035668.78980891,True
327,0.0,8,3.769230769230769,3,1426242.331210191,5505095.541401274,0.0,0.0,0.0,3184713.375796178,3303821.656050955,1307006.369426752,7073248.407643312,29066878.98089172,True
328,20.0,4,4.0,0,0.0,84056050.95541401,0.0,9554140.127388537,0.0,0.0,9554140.127388537,1238216.560509554,1965605.095541401,382186624.2038217,True
329,10.0,3,3.0,0,0.0,3131601273.88535,0.0,12989171.97452229,0.0,0.0,290970700.6369427,686320382.1656051,245101273.8853503,1251333121.019108,True
330,20.0,0,0.0,0,0.0,0.0,0.0,0.0,0.0,0.0,0.0,305095.5414012739,2539490.445859873,41408280.25477707,False
331,20.0,13,8.2,3,8325753.121019109,785202547.7707006,2136732484.076433,2150414012.738853,3835887898.089172,2715691719.745223,4014419108.280255,3927204458.598726,2779128025.477707,6868942675.159235,True
332,20.0,16,6.875,25,11025629.40127388,264937579.6178344,235984076.433121,31138853.50318472,158654140.1273885,83681528.66242038,31138853.50318472,186801910.8280254,154122929.9363057,785967515.9235668,True
333,10.0,86,5.575757575757576,8,4387249.687898089,123224203.821656,0.0,0.0,0.0,2738853.503184713,0.0,0.0,2738853.503184713,571085350.3184713,True
334,30.0,14,5.576923076923077,10,6262072.152866242,181838853.5031847,766921656.0509554,191082802.5477707,191082802.5477707,509554140.1273885,191082802.5477707,191082802.5477707,509554140.1273885,1124327388.535032,True
335,10.0,2,1.5,0,0.0,3622929.936305733,0.0,0.0,0.0,0.0,0.0,0.0,0.0,26300000.0,True
336,20.0,4,1.238095238095238,0,0.0,9302547.770700635,0.0,0.0,0.0,0.0,0.0,0.0,0.0,76292993.63057324,True
337,10.0,8,2.833333333333333,1,15644.33757961783,31222292.99363057,0.0,455095541.4012738,612138216.5605096,436050955.4140127,455105095.5414013,612142675.1592356,446654140.1273885,145203821.656051,True
338,10.0,55,13.86111111111111,161,122916156.7006369,27247770.70063695,51024840.76433121,0.0,0.0,63694267.51592357,37750318.47133758,38107006.36942675,102498726.1146497,737535031.8471338,True
339,10.0,0,0.0,0,0.0,173143949.044586,106565605.0955414,117028025.477707,130229299.3630573,135777707.0063694,117028025.477707,130526751.5923567,136627388.5350319,838185350.3184713,False
340,10.0,0,0.0,0,0.0,0.0,0.0,0.0,0.0,0.0,0.0,0.0,0.0,0.0,False
341,10.0,9,2.055555555555556,4,737776.5286624203,1559872.611464968,3395541.401273885,2759872.611464968,5552229.299363057,4139490.445859872,2759872.611464968,6090445.859872611,4245222.929936306,9164968.152866242,True
342,30.0,11,3.059523809523809,13,7108949.242038216,28818471.33757961,0.0,0.0,96340764.33121018,95541401.27388534,0.0,96340764.33121018,95541401.27388534,165624840.7643312,True
343,20.0,25,14.0,6,2728126.178343949,49950318.47133758,0.0,0.0,0.0,0.0,0.0,0.0,0.0,144048407.6433121,True
344,20.0,12,7.090909090909091,7,1900213.76433121,54777.07006369426,0.0,0.0,0.0,90132484.07643312,0.0,0.0,90132484.07643312,73577070.06369427,True
345,20.0,167,13.05555555555556,6,0.0509554140127388,20020382.16560509,0.0,0.0,0.0,0.0,244585.9872611465,299363.0573248407,379617.8343949045,26595541.40127388,True
346,10.0,0,0.0,0,0.0,271368152.8662421,83821656.05095541,62942038.21656051,42675159.23566879,0.0,600166242.0382166,341786624.2038217,162925477.7070064,103021656.0509554,False
347,10.0,0,0.0,0,0.0,362469426.7515923,0.0,0.0,0.0,0.0,0.0,0.0,0.0,3306746496.815287,False
348,10.0,0,0.0,0,0.0,46342675.15923566,0.0,0.0,0.0,0.0,8282802.5477707,7007643.312101911,1767515.923566879,164004458.5987261,False
349,0.0,13,6.066666666666666,9,18461272.68789809,32843312.10191083,0.0,0.0,0.0,0.0,2048407.643312101,1951592.356687898,1872611.464968153,498876433.1210191,True
350,10.0,0,0.0,0,0.0,1368311464.968153,0.0,191082802.5477707,0.0,0.0,208447133.7579617,17212101.91082802,581217197.4522293,72756687.89808917,False
351,20.0,13,3.366935483870968,56,94991443.22929934,113997452.2292994,401273885.3503184,388535031.8471338,308917197.4522293,308917197.4522293,388811464.9681528,309619745.2229299,309682802.5477707,430563057.3248407,True
352,0.0,1,1.0,0,0.0,1168543312.101911,0.0,0.0,0.0,0.0,58654777.0700637,52936942.67515923,60874522.29299363,491457324.8407643,True
353,20.0,7,2.428571428571428,1,211982.9044585987,19484713.37579618,56950955.41401274,58248407.6433121,59331210.1910828,58184713.37579618,58248407.6433121,59331210.1910828,58184713.37579618,34692356.68789808,True
354,20.0,82,14.18181818181818,18,9638166.267515924,25728662.42038216,29355414.01273885,62482165.60509554,46398089.17197452,59321019.10828025,62482165.60509554,46398089.17197452,59321019.10828025,36498089.17197452,True
355,10.0,5,3.142857142857143,0,0.0,638853.5031847133,13891719.74522293,5467515.923566879,4843312.101910828,7466242.03821656,5467515.923566879,4843312.101910828,7466242.03821656,62932484.07643312,True
356,10.0,8,5.0,2,4416472.280254778,15035443949.04459,0.0,0.0,0.0,0.0,0.0,842555414.0127388,121615923.566879,18939125477.707,True
357,70.0,38,23.0,4,9764865.49044586,105745259872.6115,7008257324.840764,912210191.0828024,6817230573.248407,7111180254.77707,14771070063.69427,20453946496.81528,26269142675.15924,24199949681.52866,True
358,20.0,6,3.75,4,2058333.649681529,1535668.789808917,95541401.27388534,95541401.27388534,95541401.27388534,135181528.6624204,95541401.27388534,95541401.27388534,135181528.6624204,1373943312.101911,True
359,0.0,0,0.0,0,0.0,12520382.16560509,0.0,0.0,0.0,0.0,250318.4713375796,134394.9044585987,148407.6433121019,53621656.05095541,False
360,10.0,1,1.0,0,0.0,215453503.1847134,0.0,0.0,0.0,0.0,0.0,1638853.503184713,2475796.178343949,209635668.7898089,True
361,90.0,0,0.0,0,0.0,956756687.8980892,0.0,0.0,0.0,0.0,-110191.0828025478,871337.5796178344,1182802.547770701,7128405732.484076,False
362,70.0,0,0.0,0,0.0,5792862420.382165,0.0,0.0,0.0,0.0,636.9426751592356,3184.713375796178,336814012.7388535,5125477.707006369,False
363,20.0,0,0.0,0,0.0,9658036942.67516,2461146496.815287,9146369426.751593,0.0,5723282165.605095,10056621019.10828,800605732.4840764,6425207643.312101,9600252229.299362,False
364,30.0,489,23.33898305084746,36,47007941.78980892,2336706369.426752,0.0,0.0,0.0,0.0,698163057.3248408,97921019.10828026,646232484.0764331,5227792993.630573,True
365,30.0,0,0.0,0,0.0,2325689171.974522,4410825477.707006,3515935668.789809,2028069426.751592,3529019108.280255,3764035031.847134,2341069426.751592,3986519108.280255,2453019108.280255,False
366,10.0,3,3.0,0,0.0,884444585.987261,0.0,0.0,0.0,0.0,30817834.39490446,27128025.47770701,33771974.52229299,4710035031.847134,True
367,50.0,10,3.0,2,679163.7070063694,419108.2802547771,0.0,63694267.51592357,63694267.51592357,0.0,63695541.40127389,63695541.40127389,1273.885350318471,348728025.477707,True
368,10.0,17,6.75,2,3803918.47133758,9771337.579617834,0.0,3870063.694267516,2026114.649681529,0.0,3870063.694267516,2026114.649681529,0.0,175250318.4713376,True
369,350.0,12,6.032258064516129,13,5340562.802547771,2534274522.292993,6369426751.592357,6369426751.592357,3184713375.796178,34015035668.78981,19886564968.15286,15977898089.17197,45716340127.38853,61049271974.52229,True
370,310.0,441,113.5,7,2060185.885350318,26075159.23566879,0.0,0.0,0.0,0.0,0.0,0.0,11550955.41401274,203674522.2929936,True
371,0.0,0,0.0,0,0.0,14398726.11464968,0.0,0.0,0.0,0.0,0.0,0.0,0.0,70292993.63057324,False
372,20.0,16,3.7,1,31847.13375796178,3251592.356687898,0.0,0.0,0.0,0.0,0.0,252866.2420382166,246496.8152866242,12831847.13375796,True
373,10.0,1,1.0,0,0.0,85935031.84713376,0.0,0.0,0.0,0.0,0.0,0.0,0.0,298833121.0191083,True
374,10.0,4,2.5,0,0.0,98738853.5031847,0.0,0.0,0.0,0.0,0.0,747770.7006369426,2083439.49044586,60633121.01910828,True
375,10.0,0,0.0,0,0.0,5252080891.719745,0.0,0.0,0.0,0.0,0.0,1283157961.783439,1505192356.687898,1513815286.624204,False
376,10.0,0,0.0,0,0.0,2060671337.579617,0.0,0.0,0.0,0.0,0.0,466474522.2929936,373935031.8471338,4050218471.337579,False
377,20.0,39,5.873134328358209,33,14142141.79617834,306924840.7643312,65592993.63057324,65438216.56050956,80952229.29936305,245378980.8917197,65438216.56050956,80952229.29936305,245378980.8917197,720392356.687898,True
378,40.0,5,5.0,0,0.0,33324203.82165605,215286624.2038217,379044585.9872611,414012738.8535032,400984713.3757961,379067515.9235669,414144585.9872611,401082165.6050955,94461146.49681528,True
379,40.0,4,3.153846153846154,0,0.0,8298726.114649681,138216.5605095541,138216.5605095541,138216.5605095541,138216.5605095541,138216.5605095541,138216.5605095541,138216.5605095541,35266878.98089172,True
380,0.0,0,0.0,0,0.0,64424840.76433121,0.0,0.0,0.0,0.0,112738.8535031847,116560.5095541401,109554.1401273885,85256687.89808917,False
381,20.0,37,12.3125,17,8092683.777070063,61879617.8343949,32035668.78980892,56383439.49044586,50942675.15923566,46027388.53503185,56383439.49044586,50942675.15923566,46027388.53503185,23875796.17834395,True
382,20.0,19,2.561904761904762,11,5284857.541401274,8052229.299363057,0.0,57457961.78343949,22141401.27388535,37308280.25477707,58015286.62420382,22685987.2611465,37655414.01273885,249178980.8917197,True
383,80.0,11,6.0,10,4399851.318471338,1733934394.904458,1222292993.630573,520644585.9872611,1069370700.636943,651854777.0700637,699236942.6751592,1280498089.171974,859346496.8152866,5394338216.56051,True
384,10.0,205,43.2,1,0.0063694267515923,24312101.91082802,0.0,0.0,0.0,0.0,-193630.5732484076,-196815.2866242038,490445.8598726115,1025076433.121019,True
385,0.0,8,2.068965517241379,4,0.0700636942675159,3362420.382165605,4812101.910828025,3376433.121019108,7376433.121019108,5059872.611464968,3376433.121019108,7376433.121019108,5059872.611464968,30685350.31847133,True
386,10.0,5,5.0,0,0.0,654777.0700636943,0.0,0.0,-21019.10828025477,0.0,17197.45222929936,-3821.656050955414,5732.484076433121,47861146.49681529,True
387,10.0,7,2.684210526315789,5,1406671.414012739,30461783.43949044,1231210.191082803,4943949.044585987,25408917.19745223,29326751.59235669,4943949.044585987,25408917.19745223,29326751.59235669,17211464.96815287,True
388,20.0,11,7.0,3,1908878.280254777,42043949.04458599,0.0,0.0,0.0,0.0,1950955.414012739,2515286.624203822,1764968.152866242,174643312.1019108,True
389,20.0,5,2.16,0,0.0,2024840.76433121,2770700.636942675,3184713.375796178,6314012.738853503,4338216.560509554,3184713.375796178,6314012.738853503,5497452.229299363,21592993.63057325,True
390,20.0,18,4.0,9,2093468.700636942,28110191.08280255,3759235.668789809,632484.076433121,0.0,5089171.974522293,632484.076433121,0.0,5089171.974522293,56356050.95541401,True
391,30.0,16,3.263803680981595,28,16683765.34394905,117564968.1528662,20382165.60509554,31847133.75796178,0.0,51916560.50955414,34619745.22292993,0.0,130107006.3694267,0.0,True
392,20.0,19,3.594594594594595,6,3798738.777070064,51517197.4522293,0.0,159235668.7898089,15923566.87898089,188057324.8407643,161059872.6114649,19967515.92356688,192317834.3949045,249346496.8152866,True
393,10.0,0,0.0,0,0.0,108554777.0700637,6369426.751592357,30254777.07006369,0.0,31847133.75796178,30254777.07006369,0.0,31847133.75796178,283836942.6751592,False
394,310.0,0,0.0,0,0.0,333757.9617834395,0.0,0.0,0.0,0.0,0.0,0.0,0.0,2007643.312101911,False
395,30.0,60,13.01369863013699,38,20659609.75159236,133824203.821656,0.0,0.0,46392356.68789808,96496815.2866242,0.0,46392356.68789808,96496815.2866242,44445222.92993631,True
396,10.0,0,0.0,0,0.0,38320382.16560509,16687898.08917197,54994904.45859873,63111464.96815287,30814649.68152866,54994904.45859873,63111464.96815287,30814649.68152866,108592356.6878981,False
397,20.0,39,7.0,2,397936.9936305733,0.0,0.0,0.0,0.0,0.0,0.0,0.0,0.0,21428662.42038216,True
398,10.0,0,0.0,0,0.0,269426.7515923567,0.0,0.0,0.0,0.0,0.0,0.0,0.0,722292.9936305733,False
399,20.0,3,1.666666666666667,0,0.0,63266878.98089172,95519108.28025477,85105732.48407643,59754140.12738853,101657961.7834395,85105732.48407643,117496815.2866242,159780254.77707,46310191.08280255,True
400,20.0,23,3.989247311827957,19,11232228.59872611,935519745.22293,115516560.5095541,267927388.5350318,388006369.4267516,501631847.133758,268828662.4203821,393756687.8980892,508456050.955414,492905732.4840765,True
401,240.0,0,0.0,0,0.0,274359235.6687898,186945859.8726114,212585987.2611465,222852866.2420382,0.0,214377707.0063694,224905095.5414013,72585350.31847133,1089589808.917198,False
402,20.0,4,1.5,0,0.0,1500636.942675159,0.0,0.0,0.0,0.0,0.0,0.0,0.0,10689808.91719745,True
403,0.0,5,4.333333333333333,0,0.0,2352229.299363057,28484076.43312101,34500636.94267516,34220382.16560509,34220382.16560509,34500636.94267516,34220382.16560509,34220382.16560509,5226114.649681528,True
404,30.0,4,1.515151515151515,0,0.0,173773248.4076433,2858598.72611465,37291082.80254777,35123566.87898089,0.0,37300636.94267516,35148407.6433121,33121.01910828026,568367515.9235668,True
405,10.0,51,20.61111111111111,15,5682853.910828026,9891082.80254777,0.0,0.0,0.0,0.0,0.0,0.0,0.0,34167515.92356688,True
406,10.0,19,2.96875,7,1678919.222929936,17950955.41401274,27487261.14649681,24787898.08917197,22877070.06369427,28928025.47770701,24812738.85350318,22895541.40127388,28942675.15923567,63219108.28025477,True
407,110.0,193,108.6666666666667,3,1200442.566878981,70496178.34394903,198045222.9299363,318549681.5286624,108410191.0828026,0.0,319186624.2038217,112633121.0191083,10894267.51592357,714985350.3184713,True
408,60.0,54,54.0,1,331591.178343949,141044585.9872611,4566242.03821656,2096815.286624204,31945859.87261146,27162420.3821656,2668152.866242038,38627388.53503185,28442675.15923567,196364331.2101911,True
409,20.0,0,0.0,0,0.0,55128025.47770701,0.0,0.0,6369426.751592357,5095541.401273885,0.0,6369426.751592357,5095541.401273885,138752229.299363,False
410,10.0,0,0.0,0,0.0,2275159.23566879,515923.5668789809,0.0,0.0,354140.127388535,15286.62420382166,28662.4203821656,383439.4904458599,1914649.681528662,False
411,20.0,0,0.0,0,0.0,53966878.98089172,23161783.43949044,0.0,0.0,0.0,3966242.03821656,8126751.592356687,14981528.66242038,927673248.4076432,False
412,0.0,1,1.0,0,0.0,1350303821.656051,0.0,0.0,0.0,0.0,2376080891.719745,771433121.0191083,194924840.7643312,5920161783.43949,True
413,20.0,0,0.0,0,0.0,3448556050.955414,0.0,7643312101.910828,6489552229.299363,2834394904.458599,13909622292.99363,7882328025.477707,5366440127.388535,19786519745.22293,False
414,20.0,31,19.42857142857143,25,96570284.82802548,6061486624.203821,54062420.3821656,193414012.7388535,239057324.8407643,0.0,794196815.2866242,4893165605.095541,8201137579.617834,9199988535.031849,True
415,0.0,0,0.0,0,0.0,1301910.828025478,0.0,0.0,0.0,0.0,72611.46496815287,52866.24203821656,789808.9171974522,32780254.77707006,False
416,70.0,0,0.0,0,0.0,235031.847133758,0.0,0.0,0.0,0.0,0.0,0.0,0.0,4094904.458598726,False
417,30.0,0,0.0,0,0.0,373262420.3821656,0.0,0.0,0.0,0.0,863421019.1082802,555683439.4904459,613189808.9171975,452128025.477707,False
418,0.0,17,5.251101321585903,87,7008628.458598726,4152866.242038216,1799363.057324841,1550955.414012739,2095541.401273885,2719745.222929936,1550955.414012739,2095541.401273885,2719745.222929936,9880254.777070064,True
419,30.0,0,0.0,0,0.0,8590445.859872611,0.0,0.0,0.0,0.0,0.0,0.0,0.0,128349681.5286624,False
420,20.0,0,0.0,0,0.0,5224203.821656051,7388535.031847133,8047770.700636942,6456050.955414012,9886624.203821655,8047770.700636942,6456050.955414012,9886624.203821655,42028662.42038216,False
421,0.0,3,1.5,0,0.0,2649044.585987261,0.0,0.0,0.0,0.0,36305.73248407643,31210.19108280255,75796.17834394904,11431847.13375796,True
422,10.0,0,0.0,0,0.0,440905095.5414013,103821656.0509554,0.0,0.0,62101910.82802548,5128025.477707006,47480891.71974522,251921019.1082802,7013838216.56051,False
423,40.0,3,2.0,0,0.0,1271776433.121019,0.0,0.0,660761146.4968152,599205095.5414013,1450318.47133758,662335031.8471338,601152866.2420382,41883439.49044586,True
424,10.0,34,7.666666666666667,23,9108529.222929934,2686367515.923567,134681528.6624204,0.0,399117197.4522293,2115952866.242038,42982802.5477707,474429299.3630573,2183626114.649682,2308928025.477707,True
425,20.0,0,0.0,0,0.0,15712101.91082802,28201273.88535032,49770700.63694267,13815286.62420382,56777070.06369427,51370063.69426751,15275796.17834395,57976433.1210191,123162420.3821656,False
426,,0,0.0,0,0.0,48150955.41401274,0.0,0.0,0.0,33745222.9299363,0.0,0.0,33745222.9299363,878782165.6050955,False
427,10.0,16,4.142857142857143,5,1358574.388535032,173532484.0764331,106281528.6624204,109110828.0254777,117219745.2229299,182507643.3121019,114834394.9044586,121543312.1019108,188460509.5541401,62816560.50955414,True
428,10.0,0,0.0,0,0.0,57143949.04458599,31648407.6433121,53503184.71337579,38216560.50955414,73704458.59872611,55346496.81528662,39842038.21656051,75742675.15923567,94719108.28025477,False
429,20.0,0,0.0,0,0.0,19554140.12738853,0.0,0.0,0.0,0.0,0.0,0.0,0.0,110190445.8598726,False
430,20.0,21,5.523809523809524,8,1949157.197452229,97258598.72611465,0.0,0.0,0.0,0.0,0.0,14925477.70700637,18430573.24840764,173073885.3503185,True
431,10.0,0,0.0,0,0.0,14374522.29299363,1181528.662420382,0.0,0.0,0.0,0.0,0.0,0.0,58914012.7388535,False
432,20.0,18,8.761904761904763,29,11465256.07643312,30658598.72611465,17760509.55414013,13689171.97452229,32715286.62420382,0.0,13689171.97452229,32715286.62420382,0.0,57669426.75159235,True
433,10.0,21,8.125,5,700396.0191082802,4310191.082802547,1932484.076433121,0.0,0.0,3184713.375796178,0.0,0.0,3184713.375796178,687876433.1210191,True
434,10.0,0,0.0,0,0.0,351785987.2611465,0.0,0.0,0.0,0.0,1964968.152866242,4349044.585987261,5354777.070063694,25766242.03821656,False
435,20.0,1,1.0,0,0.0,230573.2484076433,0.0,0.0,0.0,0.0,0.0,0.0,0.0,11181528.66242038,True
436,0.0,31,17.0,1,0.019108280254777,5319745.222929936,0.0,0.0,0.0,0.0,131847.1337579618,0.0,0.0,236585987.2611465,True
437,10.0,0,0.0,0,0.0,1194904.458598726,0.0,0.0,0.0,0.0,0.0,1273.885350318471,384076.4331210191,84160509.55414012,False
438,0.0,10,5.5,1,0.0063694267515923,3252229.299363057,0.0,0.0,0.0,3915286.624203822,0.0,1902547.770700637,4944585.987261146,39297452.22929936,True
439,20.0,2,2.0,0,0.0,20627388.53503185,18490445.85987261,54012101.91082802,49864968.15286624,72907643.3121019,54021019.10828025,53217197.4522293,77001273.88535032,7078980.891719745,True
440,20.0,2,1.142857142857143,0,0.0,164952866.2420382,0.0,0.0,0.0,0.0,24959235.66878981,10306369.42675159,72380254.77707006,893362420.3821656,True
441,10.0,0,0.0,0,0.0,44297929936.30573,0.0,0.0,1808199363.057325,1808199363.057325,0.0,3508540764.33121,3747116560.509554,10600749044.58599,False
442,0.0,1,1.0,0,0.0,21656.05095541401,0.0,0.0,0.0,0.0,0.0,2124203.821656051,0.0,8647770.700636942,True
443,30.0,0,0.0,0,0.0,2703821.656050955,0.0,0.0,0.0,0.0,0.0,49044.58598726115,40127.38853503185,126140764.3312102,False
444,60.0,8,2.521739130434783,3,1155078.509554141,195090445.8598726,0.0,83342038.21656051,270201273.8853503,439451592.3566879,83362420.3821656,270366878.9808917,440216560.5095541,157972611.4649681,True
445,10.0,7,2.342105263157895,1,661849.6815286624,177160509.5541401,35369426.75159235,18897452.22929936,419882802.5477707,212883439.4904459,19540764.33121019,457472611.4649681,251228662.4203821,310808280.2547771,True
446,10.0,152,68.95238095238095,19,6944854.439490446,44735668.78980891,0.0,0.0,0.0,0.0,0.0,0.0,8050318.471337579,1092370700.636943,True
447,0.0,3,2.333333333333333,0,0.0,6831847.133757962,0.0,0.0,0.0,12212101.91082802,0.0,0.0,12921019.10828026,0.0,True
448,20.0,3,1.666666666666667,0,0.0,439219108.2802548,0.0,0.0,0.0,191082802.5477707,0.0,19093630.57324841,244120382.1656051,1379961783.43949,True
449,0.0,0,0.0,0,0.0,5117197.4522293,0.0,0.0,0.0,0.0,0.0,0.0,1550955.414012739,33192356.68789809,False
450,10.0,53,19.6046511627907,28,9783023.52866242,1491082.802547771,0.0,0.0,0.0,0.0,0.0,0.0,0.0,15321019.10828026,True
451,0.0,1,1.0,0,0.0,6724203.821656051,0.0,7643312.101910828,5095541.401273885,0.0,7643312.101910828,5095541.401273885,0.0,21598726.11464968,True
452,10.0,4,4.0,0,0.0,835031.8471337579,0.0,0.0,0.0,0.0,0.0,0.0,14649.68152866242,87584076.43312101,True
453,30.0,1,1.0,0,0.0,1714929299.363057,0.0,296470063.6942675,726482165.6050955,1165759872.611465,305131210.1910828,727228025.477707,1182207006.369427,636893630.5732484,True
454,20.0,0,0.0,0,0.0,8184713.375796178,0.0,0.0,0.0,0.0,0.0,0.0,0.0,213565605.0955414,False
455,60.0,282,17.22828784119107,291,271633129.9872615,133612613375.7962,0.0,0.0,19770247770.70064,91805389171.97452,810775796.1783439,20625176433.12102,92990146496.81528,921213375.7961783,True
456,40.0,0,0.0,0,0.0,118777070.0636943,0.0,0.0,0.0,0.0,355414.0127388535,348407.6433121019,318471.3375796178,264203821.6560509,False
457,10.0,0,0.0,0,0.0,1499363.057324841,0.0,0.0,0.0,0.0,0.0,0.0,791082.8025477707,10952229.29936306,False
458,10.0,46,20.0,9,1132672.006369427,2290235031.847134,0.0,0.0,573248407.6433121,0.0,304187261.1464968,703839490.4458598,465354777.0700637,10605639490.44586,True
459,10.0,5,2.230769230769231,0,0.0,1740127.388535032,0.0,0.0,0.0,0.0,0.0,12738.85350318471,1438216.560509554,31068152.86624204,True
460,0.0,0,0.0,0,0.0,2529299.363057325,0.0,0.0,0.0,0.0,0.0,0.0,707006.3694267515,0.0,False
461,10.0,5,2.0,0,0.0,3864331.210191082,0.0,0.0,0.0,0.0,0.0,0.0,0.0,36387898.08917198,True
462,240.0,24,14.7,8,2164017.94267516,8126751.592356687,0.0,0.0,0.0,0.0,1103821.656050955,1102547.770700637,3607006.369426752,307616560.5095541,True
463,10.0,171,99.83333333333331,23,4133240.178343949,15484076.43312102,14771337.57961783,23435031.84713376,21672611.46496815,70817834.39490445,23608917.19745223,22033121.01910828,71229299.36305732,100791082.8025478,True
464,30.0,43,9.31578947368421,10,3026065.439490446,0.0,0.0,0.0,0.0,0.0,121907006.3694267,200326751.5923567,307092993.6305732,7615961783.43949,True
465,20.0,1,1.0,0,0.0,340127.3885350318,0.0,0.0,4257324.840764331,3042038.216560509,0.0,4257324.840764331,3042038.216560509,3731847.133757961,True
466,30.0,0,0.0,0,0.0,2621656.050955414,0.0,0.0,0.0,6461783.439490446,0.0,0.0,6494267.515923566,0.0,False
467,10.0,0,0.0,0,0.0,0.0,0.0,0.0,0.0,3248407.643312102,0.0,0.0,3248407.643312102,2763694.267515924,False
468,0.0,3,2.0,0,0.0,1607643.312101911,0.0,0.0,0.0,0.0,0.0,0.0,0.0,1780891.719745223,True
469,10.0,1,1.0,0,0.0,0.0,0.0,0.0,0.0,5703821.656050955,0.0,0.0,5703821.656050955,9030573.248407643,True
470,30.0,342,50.68181818181818,32,49865878.92993631,10480705732.48408,19868789.8089172,0.0,0.0,0.0,47341401.27388535,84028662.42038216,199235668.7898089,871982802.5477706,True
471,0.0,0,0.0,0,0.0,538853.5031847133,0.0,0.0,0.0,0.0,0.0,0.0,0.0,26351592.3566879,False
472,30.0,2,1.714285714285714,0,0.0,909925477.7070065,0.0,0.0,0.0,0.0,10408280.25477707,11350955.41401274,17021019.10828025,2070375796.178344,True
473,20.0,9,6.6,7,3221303.133757961,550216560.5095541,0.0,0.0,0.0,0.0,2538853.503184713,228321656.0509554,472282802.5477707,10632327388.53503,True
474,20.0,3,3.0,0,0.0,239347770.7006369,66083439.49044586,335042038.2165605,335621656.0509554,442071337.5796178,342502547.7707006,343101273.8853503,449439490.4458599,214945222.9299363,True
475,10.0,0,0.0,0,0.0,83147133.75796178,0.0,0.0,0.0,0.0,0.0,0.0,0.0,355411464.9681529,False
476,10.0,0,0.0,0,0.0,680891.719745223,0.0,0.0,0.0,1592356.687898089,0.0,0.0,1592356.687898089,62228025.47770701,False
477,290.0,211,211.0,1,192880.6751592356,22577070.06369427,0.0,0.0,22225477.70700637,16239490.44585987,0.0,22225477.70700637,16239490.44585987,15185987.2611465,True
478,10.0,0,0.0,0,0.0,226173885.3503185,0.0,0.0,117834394.9044586,507961783.4394904,735668.7898089172,118600636.9426752,508643312.1019108,416182165.6050955,False
479,10.0,1,1.0,0,0.0,8211464.968152866,0.0,0.0,0.0,0.0,0.0,0.0,1648407.643312102,0.0,True
480,30.0,4,2.142857142857143,0,0.0,2001273.885350318,0.0,0.0,0.0,0.0,0.0,0.0,1357324.840764331,566242.0382165605,True
481,40.0,0,0.0,0,0.0,200636.9426751592,0.0,1824458598.726115,1666496815.286624,702929936.3057325,2428382165.605095,1666514649.681529,702970063.6942675,1200773248.407643,False
482,10.0,0,0.0,0,0.0,9068152.866242038,0.0,0.0,0.0,12738853.50318471,0.0,0.0,20089808.91719745,40374522.29299363,False
483,10.0,7,7.0,1,16133.12101910828,4657961.78343949,0.0,0.0,0.0,0.0,0.0,0.0,859235.6687898089,0.0,True
484,20.0,46,13.85365853658537,23,2757122.738853504,3358598.726114649,0.0,0.0,0.0,725477.7070063694,0.0,0.0,2545222.929936306,0.0,True
485,30.0,1,1.0,0,0.0,319745.2229299363,3796178.343949045,24375796.17834395,36031210.1910828,70280254.77707006,24375796.17834395,36031210.1910828,70280254.77707006,66739490.44585987,True
486,30.0,0,0.0,0,0.0,186941401.2738853,0.0,0.0,0.0,0.0,21094904.45859873,37606369.42675159,121003821.656051,460098726.1146497,False
487,20.0,7,3.428571428571428,1,430778.9808917198,2049044.585987261,317834.3949044586,156687.898089172,717834.3949044585,413375.796178344,156687.898089172,717834.3949044585,413375.796178344,4250318.471337579,True
488,0.0,306,59.0167714884696,445,10646452.60509554,0.0,0.0,0.0,0.0,0.0,0.0,0.0,0.0,0.0,True
489,0.0,0,0.0,0,0.0,34819745.22292993,0.0,0.0,0.0,0.0,0.0,177070.0636942675,197452.229299363,153427388.5350319,False
490,20.0,6,3.166666666666667,2,477293.0127388535,0.0,0.0,0.0,5691082.802547771,7390445.859872611,0.0,5691082.802547771,7390445.859872611,5679617.834394904,True
491,50.0,0,0.0,0,0.0,83322292.99363057,0.0,0.0,0.0,0.0,1825477.707006369,1825477.707006369,1825477.707006369,933505732.4840764,False
492,0.0,1,1.0,0,0.0,56403184.71337579,0.0,0.0,0.0,0.0,0.0,0.0,0.0,237776433.1210191,True
493,20.0,34,12.33333333333333,5,1827190.955414012,7006.369426751592,0.0,0.0,0.0,0.0,0.0,0.0,0.0,23507006.36942675,True
494,30.0,0,0.0,0,0.0,1336305.732484076,0.0,0.0,0.0,0.0,0.0,0.0,0.0,26489171.97452229,False
495,0.0,0,0.0,0,0.0,0.0,0.0,0.0,0.0,0.0,0.0,0.0,0.0,0.0,False
496,20.0,26,4.785714285714286,4,498198.8598726115,14960509.55414013,15918471.33757962,11641401.27388535,7646496.815286624,4807643.312101911,11641401.27388535,7646496.815286624,5634394.904458598,4584713.375796178,True
497,10.0,0,0.0,0,0.0,1348407.643312102,0.0,908280.25477707,0.0,0.0,908280.25477707,0.0,295541.4012738853,27324840.76433121,False
498,10.0,14,4.333333333333333,2,598685.4649681529,83678980.89171974,0.0,0.0,0.0,89521019.10828026,0.0,0.0,89521019.10828026,11552866.24203822,True
499,60.0,0,0.0,0,0.0,818403821.6560509,0.0,77856687.89808917,882371337.5796179,1942796178.343949,77856687.89808917,966259872.611465,2273350955.414012,141585987.2611465,False
500,0.0,0,0.0,0,0.0,2063466242.038217,10620382.16560509,0.0,0.0,0.0,167433121.0191083,143515286.6242038,403209554.1401274,244975796.178344,False
501,10.0,0,0.0,0,0.0,35115286.62420382,0.0,0.0,0.0,0.0,0.0,0.0,25174522.29299363,174843949.044586,False
502,70.0,34,9.366666666666667,20,8731191.579617832,1595581528.662421,0.0,317012738.8535032,319656050.955414,2449550318.471337,322592993.6305732,325099363.0573248,2456378343.949045,374812101.910828,True
503,20.0,1,1.0,0,0.0,69522929.93630573,0.0,0.0,427343949.0445859,436747770.7006369,0.0,427724840.7643312,437028662.4203821,697273885.3503184,True
504,10.0,11,4.652631578947369,25,8895272.388535032,99702547.77070063,0.0,0.0,0.0,0.0,20382.16560509554,1910.828025477707,118471.3375796178,667278980.8917197,True
505,10.0,14,5.474358974358975,25,7434179.878980892,97742675.15923569,0.0,0.0,0.0,0.0,10191.08280254777,19745.2229299363,165605.0955414013,601570063.6942675,True
506,20.0,0,0.0,0,0.0,0.0,0.0,0.0,0.0,16942675.15923567,0.0,0.0,16942675.15923567,0.0,False
507,80.0,163,55.86666666666667,12,5764854.535031848,0.0,0.0,0.0,0.0,0.0,0.0,0.0,0.0,105576433.1210191,True
508,80.0,21,12.5,1,382127.3885350318,169371974.522293,0.0,139333757.9617834,74274522.29299363,233364968.1528662,139333757.9617834,74274522.29299363,233384713.3757962,195838853.5031847,True
509,10.0,0,0.0,0,0.0,502547.7707006369,0.0,0.0,0.0,0.0,0.0,0.0,0.0,13800636.94267516,False
510,40.0,10,5.25,3,1754329.286624204,80982802.5477707,0.0,0.0,0.0,0.0,0.0,0.0,1609554.140127388,5758598.726114649,True
511,10.0,334,88.1875,45,99114967.12738852,122987261.1464968,0.0,0.0,0.0,0.0,50955.41401273885,1480891.719745223,7420382.165605095,988022929.9363056,True
512,0.0,0,0.0,0,0.0,1061845859.872611,0.0,0.0,0.0,0.0,109317834.3949044,111068152.866242,117113375.7961783,134748407.6433121,False
513,30.0,4,4.0,0,0.0,13840764.33121019,0.0,0.0,0.0,0.0,45222.92993630573,46496.8152866242,56050.95541401274,139885987.2611465,True
514,30.0,20,4.96969696969697,48,31096980.3821656,8804458.598726114,0.0,0.0,0.0,0.0,0.0,0.0,0.0,19224840.76433121,True
515,0.0,3,2.25,0,0.0,12572611.46496815,0.0,0.0,0.0,0.0,0.0,0.0,0.0,158316560.5095541,True
516,30.0,0,0.0,0,0.0,424633121.0191082,0.0,0.0,23316560.50955414,396852866.2420382,0.0,23324203.82165605,396912738.8535032,2112101.910828025,False
517,20.0,6,2.454545454545455,2,3076376.292993631,323421019.1082802,124076433.1210191,82087898.08917198,40000000.0,12414649.68152866,82087898.08917198,40000000.0,12414649.68152866,341896178.343949,True
518,20.0,2,2.0,0,0.0,4029936.305732484,4045859.872611465,5477070.063694268,3911464.968152866,12647770.70063694,5477070.063694268,3911464.968152866,12647770.70063694,13748407.6433121,True
519,20.0,7,2.5,1,234217.1847133757,1619108.280254777,0.0,0.0,4405732.484076433,5568789.808917197,0.0,4405732.484076433,5568789.808917197,52439490.44585987,True
520,30.0,11,4.074074074074074,8,11343483.82165605,9827470700.636942,0.0,0.0,0.0,0.0,0.0,0.0,560509.5541401274,3364377707.006369,True
521,10.0,3,3.0,0,0.0,16861146.49681529,0.0,0.0,0.0,0.0,0.0,0.0,0.0,4178980.891719745,True
522,10.0,4,1.75,0,0.0,10603821.65605096,0.0,0.0,0.0,0.0,0.0,0.0,0.0,0.0,True
523,10.0,0,0.0,0,0.0,0.0,0.0,0.0,0.0,0.0,0.0,0.0,0.0,0.0,False
524,20.0,13,5.0,1,378264.7515923567,86624.20382165605,0.0,367515.9235668789,0.0,0.0,367515.9235668789,0.0,0.0,589171.974522293,True
525,0.0,0,0.0,0,0.0,0.0,0.0,0.0,0.0,0.0,0.0,0.0,0.0,0.0,False
526,70.0,0,0.0,0,0.0,1210191.082802548,8025477.707006369,6755414.012738854,31949044.58598726,37752229.29936305,6755414.012738854,31949044.58598726,37752229.29936305,49657961.78343949,False
527,0.0,0,0.0,0,0.0,107295541.4012739,0.0,0.0,0.0,0.0,3155414.012738853,2354777.070063694,796815.2866242038,156249044.5859872,False
528,50.0,0,0.0,0,0.0,0.0,0.0,0.0,0.0,0.0,0.0,0.0,0.0,0.0,False
529,70.0,0,0.0,0,0.0,759872.6114649681,27874522.29299363,158012738.8535032,166636942.6751592,120895541.4012739,158021019.1082802,190368152.866242,157891082.8025478,568098089.1719745,False
530,10.0,0,0.0,0,0.0,2043312.101910828,0.0,0.0,0.0,0.0,0.0,0.0,2374522.29299363,11194267.51592357,False
